Date,Open,High,Low,Close,Adj Close,Volume
2020-01-02,97.62000274658205,98.47000122070312,97.37999725341795,98.33999633789062,87.38920593261719,828000
2020-01-03,97.2699966430664,98.16999816894533,97.2699966430664,97.70999908447266,86.82936096191406,503800
2020-01-06,97.4000015258789,98.05999755859376,96.76000213623048,97.69000244140624,86.81159973144531,686200
2020-01-07,97.75,98.0500030517578,97.22000122070312,97.54000091552734,86.67830657958984,781200
2020-01-08,97.47000122070312,98.02999877929688,96.95999908447266,97.0,86.19844818115234,1080000
2020-01-09,97.66999816894533,97.79000091552734,96.87999725341795,97.4000015258789,86.55390167236328,750100
2020-01-10,97.52999877929688,97.58000183105467,96.41000366210938,96.5,85.75410461425781,387800
2020-01-13,96.97000122070312,97.5999984741211,96.6999969482422,97.58999633789062,86.72273254394531,559500
2020-01-14,97.4000015258789,97.62000274658205,96.91000366210938,97.29000091552734,86.4561538696289,788800
2020-01-15,97.81999969482422,97.87000274658205,96.95999908447266,97.19000244140624,86.36727905273438,736400
2020-01-16,97.75,98.7300033569336,97.63999938964844,98.47000122070312,87.50474548339844,699800
2020-01-17,98.4000015258789,99.23999786376952,98.05999755859376,99.04000091552734,88.01127624511719,1855000
2020-01-21,99.1500015258789,101.1500015258789,98.95999908447266,100.58999633789062,89.388671875,1115200
2020-01-22,100.97000122070312,101.30999755859376,100.08000183105467,100.22000122070312,89.05987548828125,502800
2020-01-23,100.11000061035156,100.80999755859376,99.63999938964844,100.55999755859376,89.36200714111328,500200
2020-01-24,100.62000274658205,100.97000122070312,99.1500015258789,99.58999633789062,88.50003814697266,423400
2020-01-27,98.26000213623048,99.12000274658205,97.51000213623048,98.43000030517578,87.4692153930664,923700
2020-01-28,99.73999786376952,102.41999816894533,99.0199966430664,101.91999816894533,90.570556640625,826100
2020-01-29,102.3499984741211,102.3499984741211,100.51000213623048,100.52999877929688,89.33536529541016,568100
2020-01-30,99.87000274658205,100.16999816894533,98.18000030517578,99.31999969482422,88.26010131835938,516500
2020-01-31,98.97000122070312,99.1999969482422,96.83999633789062,96.9499969482422,86.15401458740234,618600
2020-02-03,97.5199966430664,98.91000366210938,97.4000015258789,98.12000274658205,87.19374084472656,702700
2020-02-04,99.29000091552734,99.75,98.70999908447266,98.8499984741211,87.84242248535156,585300
2020-02-05,99.20999908447266,99.9800033569336,97.6999969482422,98.04000091552734,87.12263488769531,775800
2020-02-06,98.45999908447266,98.7300033569336,97.77999877929688,97.8499984741211,86.95380401611328,615500
2020-02-07,97.66999816894533,97.9800033569336,95.91999816894533,96.1999969482422,85.48751831054688,734400
2020-02-10,96.0199966430664,98.0999984741211,95.8499984741211,97.70999908447266,86.82936096191406,591100
2020-02-11,97.58000183105467,98.26000213623048,97.38999938964844,98.04000091552734,87.12263488769531,463400
2020-02-12,98.0999984741211,99.0,96.94000244140624,97.80999755859376,86.91824340820312,391300
2020-02-13,97.5500030517578,98.5,97.1999969482422,98.3000030517578,87.35368347167969,474400
2020-02-14,98.13999938964844,98.4499969482422,97.56999969482422,98.18000030517578,87.24703216552734,373900
2020-02-18,98.44000244140624,98.72000122070312,96.83999633789062,97.12000274658205,86.30509185791016,1222700
2020-02-19,103.87000274658205,105.58000183105467,101.77999877929688,103.66999816894533,92.12569427490234,2959100
2020-02-20,103.5,103.9499969482422,98.41000366210938,99.80999755859376,88.6955337524414,1307800
2020-02-21,99.33000183105467,99.62000274658205,96.5,96.58000183105467,85.82521057128906,944000
2020-02-24,94.47000122070312,95.6999969482422,92.81999969482422,95.36000061035156,84.74105834960938,1044300
2020-02-25,95.45999908447266,96.54000091552734,91.2300033569336,92.0,81.75521850585938,1183700
2020-02-26,91.4499969482422,93.54000091552734,90.31999969482422,90.37999725341795,80.31562042236328,970800
2020-02-27,89.58999633789062,91.26000213623048,88.51000213623047,89.27999877929688,79.33811950683594,1346200
2020-02-28,87.7300033569336,88.86000061035156,85.44000244140625,88.38999938964844,78.54721069335938,2043500
2020-03-02,90.0,93.5500030517578,89.4000015258789,93.47000122070312,83.0615234375,1475000
2020-03-03,93.61000061035156,94.94000244140624,89.38999938964844,90.06999969482422,80.04014587402344,1399600
2020-03-04,91.43000030517578,93.5199966430664,90.0999984741211,93.41000366210938,83.00819396972656,881600
2020-03-05,91.12999725341795,91.44000244140624,87.12999725341797,89.37999725341797,79.42695617675781,1512800
2020-03-06,86.83000183105469,87.9800033569336,84.95999908447266,87.5199966430664,77.77409362792969,1114700
2020-03-09,81.83999633789062,83.66000366210938,79.55999755859375,81.16000366210938,72.12232971191406,1173800
2020-03-10,83.36000061035156,84.77999877929688,81.02999877929688,84.41999816894531,75.01930236816406,1289400
2020-03-11,82.3499984741211,83.04000091552734,79.47000122070312,80.51000213623047,71.5447006225586,1103500
2020-03-12,75.94999694824219,77.86000061035156,72.37999725341797,72.87999725341797,64.76433563232422,1602900
2020-03-13,75.06999969482422,77.72000122070312,73.25,77.33999633789062,69.26947021484375,1430200
2020-03-16,69.0,73.5,67.5,70.8499984741211,63.45671081542969,1940400
2020-03-17,71.7300033569336,75.7300033569336,70.6500015258789,73.93000030517578,66.21531677246094,1600300
2020-03-18,70.38999938964844,71.95999908447266,65.62000274658203,71.70999908447266,64.22697448730469,1270500
2020-03-19,71.38999938964844,73.52999877929688,68.83999633789062,70.11000061035156,62.79392623901367,1091200
2020-03-20,70.8499984741211,70.8499984741211,65.70999908447266,66.02999877929688,59.139686584472656,1709000
2020-03-23,65.91000366210938,65.91000366210938,61.040000915527344,63.630001068115234,56.99011993408203,1658400
2020-03-24,66.63999938964844,70.80999755859375,65.22000122070312,70.37000274658203,63.02677536010742,1219900
2020-03-25,70.44999694824219,73.79000091552734,66.47000122070312,71.70999908447266,64.22697448730469,1551400
2020-03-26,72.16000366210938,74.94999694824219,71.08000183105469,74.2300033569336,66.48401641845703,1469500
2020-03-27,72.04000091552734,76.18000030517578,70.26000213623047,73.52999877929688,65.8570327758789,1260700
2020-03-30,73.87000274658203,77.2300033569336,72.41000366210938,76.69000244140625,68.68730163574219,1117700
2020-03-31,76.04000091552734,76.9800033569336,74.56999969482422,74.95999908447266,67.13780975341797,1023300
2020-04-01,71.98999786376953,74.4800033569336,70.20999908447266,71.41000366210938,63.95827102661133,1244300
2020-04-02,70.91000366210938,73.66000366210938,70.62999725341797,73.45999908447266,65.79435729980469,1345900
2020-04-03,73.3499984741211,74.0999984741211,70.6500015258789,71.55999755859375,64.09261322021484,1112400
2020-04-06,74.3499984741211,76.18000030517578,74.11000061035156,75.44000244140625,67.56773376464844,1387900
2020-04-07,77.5199966430664,78.4800033569336,73.62999725341797,74.2300033569336,66.48401641845703,1484200
2020-04-08,74.69000244140625,77.7300033569336,74.05000305175781,77.36000061035156,69.2873764038086,1106100
2020-04-09,78.7699966430664,79.73999786376953,77.61000061035156,78.6500015258789,70.44278717041016,1327000
2020-04-13,78.56999969482422,78.56999969482422,76.83999633789062,77.81999969482422,69.69938659667969,1060200
2020-04-14,79.22000122070312,82.41000366210938,78.91999816894531,81.98999786376953,73.43421936035156,1030300
2020-04-15,79.94000244140625,80.41000366210938,77.6500015258789,77.93000030517578,69.79792785644531,1090000
2020-04-16,78.12999725341797,79.08000183105469,77.31999969482422,78.66000366210938,70.45173645019531,1122200
2020-04-17,80.9800033569336,83.25,80.5199966430664,82.11000061035156,73.54171752929688,2604900
2020-04-20,81.41000366210938,81.73999786376953,79.52999877929688,80.05000305175781,71.69668579101562,863600
2020-04-21,78.56999969482422,79.45999908447266,77.7300033569336,78.04000091552734,69.89641571044922,913100
2020-04-22,79.56999969482422,79.94999694824219,78.51000213623047,78.95999908447266,70.72041320800781,622700
2020-04-23,78.66999816894531,80.52999877929688,78.66999816894531,79.30000305175781,71.02494049072266,661300
2020-04-24,79.7300033569336,80.3499984741211,78.37999725341797,78.91999816894531,70.68457794189453,719200
2020-04-27,78.77999877929688,81.25,78.29000091552734,80.73999786376953,72.31468200683594,994100
2020-04-28,82.2699966430664,83.97000122070312,81.69999694824219,83.4000015258789,74.69709014892578,1092000
2020-04-29,86.05000305175781,87.5,82.61000061035156,82.91000366210938,74.25823974609375,1778600
2020-04-30,82.25,82.36000061035156,79.62000274658203,81.16000366210938,72.69084167480469,1527400
2020-05-01,79.73999786376953,81.16000366210938,79.22000122070312,79.80999755859375,71.4817123413086,1089200
2020-05-04,79.11000061035156,80.05999755859375,78.76000213623047,79.72000122070312,71.40113067626953,1029600
2020-05-05,80.18000030517578,81.79000091552734,79.91000366210938,80.76000213623047,72.33259582519531,1014400
2020-05-06,81.29000091552734,81.75,78.63999938964844,78.7300033569336,70.51443481445312,813400
2020-05-07,79.2699966430664,80.18000030517578,77.9800033569336,78.04000091552734,69.89641571044922,950000
2020-05-08,79.5,81.4800033569336,78.51000213623047,81.33999633789062,72.85206604003906,1063900
2020-05-11,80.4800033569336,81.72000122070312,80.0,80.83000183105469,72.3952865600586,722200
2020-05-12,81.02999877929688,81.68000030517578,79.41999816894531,79.41999816894531,71.1324234008789,643600
2020-05-13,78.9800033569336,79.26000213623047,77.01000213623047,78.16999816894531,70.01285552978516,968900
2020-05-14,77.3499984741211,77.6500015258789,76.0199966430664,77.30000305175781,69.23363494873047,1062800
2020-05-15,77.30000305175781,79.30000305175781,76.51000213623047,78.02999877929688,69.887451171875,2454700
2020-05-18,80.13999938964844,82.33000183105469,79.63999938964844,81.88999938964844,73.34466552734375,877200
2020-05-19,82.05000305175781,83.20999908447266,81.56999969482422,82.05000305175781,73.48798370361328,960100
2020-05-20,82.81999969482422,84.05999755859375,82.41999816894531,83.87000274658203,75.1180419921875,962500
2020-05-21,83.87000274658203,84.9000015258789,83.58999633789062,84.19999694824219,75.41361236572266,774100
2020-05-22,83.86000061035156,84.48999786376953,83.62999725341797,83.88999938964844,75.13594818115234,688800
2020-05-26,85.20999908447266,87.48999786376953,85.20999908447266,86.62999725341797,77.5900650024414,946000
2020-05-27,87.5,88.62999725341797,86.6500015258789,88.12999725341797,78.93350219726562,1061700
2020-05-28,89.51000213623047,91.43000030517578,88.45999908447266,90.91000366210938,81.42341613769531,2095300
2020-05-29,90.68000030517578,91.12999725341795,89.63999938964844,90.16999816894533,80.7606430053711,2731700
2020-06-01,90.38999938964844,91.91999816894533,89.80000305175781,90.54000091552734,81.092041015625,951200
2020-06-02,90.8499984741211,92.5500030517578,90.5,92.44000244140624,82.79375457763672,1003100
2020-06-03,93.48999786376952,96.51000213623048,92.63999938964844,95.72000122070312,85.73148345947266,1356900
2020-06-04,95.37999725341795,95.43000030517578,92.87000274658205,93.2699966430664,83.53715515136719,1226700
2020-06-05,95.62999725341795,97.27999877929688,94.16999816894533,96.52999877929688,86.45696258544922,1116700
2020-06-08,96.62000274658205,99.33999633789062,96.62000274658205,99.3000030517578,88.93792724609375,1100200
2020-06-09,98.12999725341795,98.91000366210938,97.13999938964844,98.12999725341795,87.8900146484375,830000
2020-06-10,98.54000091552734,98.54000091552734,96.33000183105467,96.94000244140624,86.82418060302734,868500
2020-06-11,94.7699966430664,94.87000274658205,91.3000030517578,91.41999816894533,81.88020324707031,928200
2020-06-12,92.62999725341795,93.5,90.12000274658205,91.66999816894533,82.65562438964844,627000
2020-06-15,91.6999969482422,94.01000213623048,90.5999984741211,93.56999969482422,84.3687973022461,951400
2020-06-16,95.56999969482422,95.95999908447266,92.77999877929688,95.06999969482422,85.7212905883789,1059000
2020-06-17,95.80999755859376,96.5199966430664,94.9800033569336,95.97000122070312,86.53279113769531,838900
2020-06-18,95.2300033569336,95.9800033569336,94.41999816894533,95.18000030517578,85.82048034667969,729900
2020-06-19,96.73999786376952,98.33999633789062,94.80999755859376,98.33999633789062,88.66971588134766,3615800
2020-06-22,97.2300033569336,98.6999969482422,96.0,97.52999877929688,87.93938446044922,1463900
2020-06-23,98.20999908447266,98.9499969482422,97.70999908447266,97.7300033569336,88.1197280883789,928700
2020-06-24,96.7300033569336,97.2300033569336,94.30999755859376,95.29000091552734,85.9196548461914,765700
2020-06-25,94.7300033569336,96.31999969482422,94.05999755859376,96.2300033569336,86.7672348022461,591500
2020-06-26,96.0,96.36000061035156,94.37999725341795,94.86000061035156,85.53195190429688,872100
2020-06-29,94.9000015258789,96.2300033569336,94.56999969482422,96.1500015258789,86.69509887695312,1559000
2020-06-30,96.66999816894533,98.06999969482422,96.18000030517578,97.5,87.91232299804688,1003500
2020-07-01,98.01000213623048,98.63999938964844,97.04000091552734,97.12999725341795,87.57872772216797,780000
2020-07-02,98.05999755859376,98.79000091552734,97.13999938964844,97.52999877929688,87.93938446044922,577700
2020-07-06,98.8000030517578,99.4499969482422,98.20999908447266,99.08000183105467,89.33697509765625,819600
2020-07-07,98.0199966430664,99.5500030517578,97.9000015258789,98.72000122070312,89.01236724853516,580800
2020-07-08,99.02999877929688,99.3499984741211,97.36000061035156,98.18000030517578,88.52547454833984,547900
2020-07-09,98.25,98.48999786376952,96.0500030517578,96.91999816894533,87.38935852050781,758100
2020-07-10,96.62999725341795,97.13999938964844,95.2699966430664,97.08999633789062,87.54265594482422,779500
2020-07-13,97.75,98.63999938964844,96.36000061035156,96.48999786376952,87.00166320800781,809900
2020-07-14,95.77999877929688,97.95999908447266,95.33000183105467,97.83999633789062,88.21890258789062,724000
2020-07-15,97.83000183105467,99.79000091552734,97.83000183105467,99.4499969482422,89.67060089111328,785600
2020-07-16,99.4000015258789,101.41000366210938,99.19000244140624,101.04000091552734,91.10423278808594,1257000
2020-07-17,100.9000015258789,101.0,99.12999725341795,100.41999816894533,90.54519653320312,1191900
2020-07-20,100.4000015258789,100.43000030517578,99.4499969482422,100.1999969482422,90.34683990478516,648800
2020-07-21,100.0,100.77999877929688,99.75,99.80999755859376,89.99518585205078,693900
2020-07-22,99.81999969482422,101.45999908447266,99.79000091552734,101.3499984741211,91.38375091552734,768800
2020-07-23,101.41000366210938,102.4000015258789,99.5,100.1999969482422,90.34683990478516,687700
2020-07-24,97.0,99.22000122070312,96.18000030517578,96.73999786376952,87.22705841064453,1806700
2020-07-27,94.83999633789062,100.70999908447266,94.51000213623048,100.29000091552734,90.42798614501952,1657200
2020-07-28,100.6500015258789,100.68000030517578,98.66999816894533,99.36000061035156,89.58944702148438,1548100
2020-07-29,103.12000274658205,103.98999786376952,95.0199966430664,98.77999877929688,89.06646728515625,1807000
2020-07-30,97.58000183105467,100.52999877929688,97.08999633789062,100.01000213623048,90.1755142211914,1160700
2020-07-31,100.01000213623048,100.16000366210938,97.08000183105467,98.58999633789062,88.89515686035156,983600
2020-08-03,99.12000274658205,100.5199966430664,98.6999969482422,99.97000122070312,90.13943481445312,951700
2020-08-04,99.6999969482422,100.0999984741211,99.18000030517578,99.94000244140624,90.11239624023438,829300
2020-08-05,100.38999938964844,102.62000274658205,100.12000274658205,102.36000061035156,92.29443359375,938800
2020-08-06,102.08999633789062,102.62000274658205,100.9800033569336,102.33000183105467,92.26738739013672,592000
2020-08-07,102.29000091552734,102.4800033569336,101.4499969482422,101.88999938964844,91.8706512451172,681200
2020-08-10,101.77999877929688,102.3000030517578,101.52999877929688,102.11000061035156,92.06902313232422,805500
2020-08-11,102.45999908447266,103.44000244140624,101.30999755859376,101.5,91.5189971923828,871000
2020-08-12,101.81999969482422,103.5500030517578,101.43000030517578,103.27999877929688,93.12396240234376,619900
2020-08-13,103.23999786376952,104.91000366210938,102.76000213623048,104.62000274658205,94.33220672607422,987200
2020-08-14,104.43000030517578,104.68000030517578,103.66999816894533,104.27999877929688,94.02562713623048,607900
2020-08-17,104.63999938964844,104.97000122070312,104.0500030517578,104.4800033569336,94.20597839355467,558300
2020-08-18,104.72000122070312,104.72000122070312,103.62000274658205,104.22000122070312,93.9715347290039,669800
2020-08-19,104.5999984741211,105.5,103.9000015258789,103.98999786376952,93.7641372680664,790600
2020-08-20,103.47000122070312,103.5,102.3000030517578,102.94000244140624,92.81741333007812,607900
2020-08-21,102.98999786376952,103.12999725341795,102.27999877929688,102.43000030517578,92.35755157470705,768500
2020-08-24,102.86000061035156,103.9000015258789,102.86000061035156,103.63999938964844,93.44856262207033,688800
2020-08-25,104.47000122070312,104.47000122070312,103.1500015258789,103.63999938964844,93.44856262207033,510900
2020-08-26,103.81999969482422,104.76000213623048,103.41000366210938,104.66999816894533,94.37726593017578,724400
2020-08-27,105.26000213623048,105.33000183105467,102.43000030517578,102.56999969482422,92.4837875366211,845800
2020-08-28,103.5199966430664,103.87000274658205,102.66000366210938,103.76000213623048,93.55677032470705,545400
2020-08-31,103.62000274658205,104.56999969482422,103.12000274658205,103.61000061035156,93.4215087890625,770100
2020-09-01,103.41999816894533,104.04000091552734,102.75,104.0,93.7731475830078,695700
2020-09-02,104.4800033569336,106.0,103.5999984741211,105.80999755859376,95.40518951416016,772700
2020-09-03,105.95999908447266,105.98999786376952,100.87999725341795,101.30999755859376,91.3476791381836,858400
2020-09-04,102.30999755859376,102.91000366210938,100.33000183105467,101.7300033569336,91.72637939453124,906300
2020-09-08,100.93000030517578,101.11000061035156,99.16000366210938,99.36000061035156,89.58944702148438,883200
2020-09-09,100.62000274658205,102.0500030517578,100.43000030517578,101.13999938964844,91.19440460205078,681400
2020-09-10,102.0999984741211,102.3499984741211,98.91999816894533,99.4000015258789,89.6255111694336,815500
2020-09-11,100.38999938964844,100.9499969482422,99.58000183105467,100.0500030517578,90.21157836914062,657700
2020-09-14,100.01000213623048,100.1500015258789,99.12000274658205,99.6999969482422,90.4474639892578,642700
2020-09-15,100.30999755859376,101.3000030517578,99.83000183105467,99.9800033569336,90.70147705078124,600300
2020-09-16,100.20999908447266,100.51000213623048,98.20999908447266,98.38999938964844,89.259033203125,773900
2020-09-17,97.91999816894533,98.8499984741211,96.97000122070312,98.1999969482422,89.08665466308594,742000
2020-09-18,98.41999816894533,99.23999786376952,96.12000274658205,96.33000183105467,87.39019775390625,1403100
2020-09-21,95.44000244140624,95.44000244140624,93.2300033569336,94.26000213623048,85.51232147216797,879000
2020-09-22,94.02999877929688,95.38999938964844,93.62999725341795,95.13999938964844,86.31063842773438,960000
2020-09-23,96.12000274658205,96.30999755859376,93.20999908447266,93.45999908447266,84.78655242919922,826500
2020-09-24,93.18000030517578,95.41000366210938,92.19000244140624,92.68000030517578,84.07893371582031,640400
2020-09-25,92.41999816894533,93.87000274658205,91.83999633789062,93.5500030517578,84.86819458007812,536100
2020-09-28,94.91000366210938,95.80999755859376,93.95999908447266,95.37999725341795,86.52835845947266,550600
2020-09-29,95.58000183105467,95.77999877929688,94.86000061035156,95.01000213623048,86.19270324707031,487600
2020-09-30,95.33999633789062,95.83999633789062,94.37000274658205,94.86000061035156,86.05663299560547,750800
2020-10-01,95.77999877929688,95.93000030517578,94.3499984741211,94.68000030517578,85.89334106445312,627800
2020-10-02,93.75,95.75,93.73999786376952,94.93000030517578,86.1201400756836,501700
2020-10-05,95.73999786376952,96.66000366210938,95.54000091552734,96.54000091552734,87.58071899414062,562900
2020-10-06,96.54000091552734,97.18000030517578,94.91999816894533,95.1500015258789,86.31973266601562,581400
2020-10-07,95.87000274658205,97.1999969482422,95.8000030517578,96.91999816894533,87.9254379272461,586900
2020-10-08,97.51000213623048,98.20999908447266,96.91999816894533,98.12999725341795,89.02316284179688,491900
2020-10-09,98.47000122070312,99.4499969482422,98.31999969482422,98.81999969482422,89.64913177490234,539100
2020-10-12,99.2699966430664,99.48999786376952,98.73999786376952,99.06999969482422,89.87592315673828,412300
2020-10-13,98.73999786376952,99.33000183105467,98.0199966430664,98.80999755859376,89.64005279541016,395300
2020-10-14,99.01000213623048,99.33999633789062,97.66000366210938,98.48999786376952,89.34974670410156,440400
2020-10-15,97.6999969482422,99.27999877929688,97.3499984741211,99.02999877929688,89.83963775634766,369400
2020-10-16,98.98999786376952,99.87999725341795,98.6500015258789,99.12000274658205,89.92127227783203,808000
2020-10-19,99.58000183105467,100.33999633789062,97.4499969482422,97.72000122070312,88.65120697021484,468400
2020-10-20,98.33000183105467,100.16999816894533,97.8499984741211,98.79000091552734,89.62191009521484,500100
2020-10-21,99.0199966430664,99.62999725341795,97.58999633789062,98.38999938964844,89.259033203125,428500
2020-10-22,98.29000091552734,99.58000183105467,98.29000091552734,99.04000091552734,89.84869384765625,485700
2020-10-23,99.6500015258789,100.93000030517578,99.01000213623048,100.83999633789062,91.48165893554688,701000
2020-10-26,100.02999877929688,100.23999786376952,98.58000183105467,99.41999816894533,90.19343566894533,730100
2020-10-27,99.1999969482422,100.16000366210938,98.52999877929688,98.61000061035156,89.45861053466797,575700
2020-10-28,100.12000274658205,101.66999816894533,97.47000122070312,97.56999969482422,88.51512145996094,1444800
2020-10-29,97.5199966430664,102.33000183105467,97.5199966430664,100.7300033569336,91.38187408447266,1103600
2020-10-30,101.37999725341795,105.23999786376952,101.2300033569336,104.0199966430664,94.36653900146484,1946600
2020-11-02,105.08999633789062,109.9000015258789,105.0199966430664,109.88999938964844,99.69178771972656,2065600
2020-11-03,111.3000030517578,111.77999877929688,109.41000366210938,110.62000274658205,100.35405731201172,1914900
2020-11-04,111.12000274658205,113.06999969482422,110.16999816894533,111.26000213623048,100.93465423583984,1159300
2020-11-05,112.0,114.43000030517578,111.5,113.2699966430664,102.7581024169922,1725600
2020-11-06,113.5999984741211,116.29000091552734,113.20999908447266,115.19000244140624,104.49991607666016,1009700
2020-11-09,120.29000091552734,120.41999816894533,115.18000030517578,115.2699966430664,104.572509765625,1666300
2020-11-10,113.94000244140624,114.94000244140624,113.36000061035156,114.18000030517578,103.58366394042967,1200000
2020-11-11,114.88999938964844,115.87999725341795,114.18000030517578,114.81999969482422,104.16424560546876,713900
2020-11-12,115.41000366210938,115.63999938964844,113.25,113.75,103.19356536865234,634800
2020-11-13,114.0500030517578,115.68000030517578,113.79000091552734,115.62999725341795,104.89907836914062,595600
2020-11-16,117.0199966430664,117.70999908447266,116.1500015258789,117.51000213623048,106.60462188720705,862000
2020-11-17,117.16999816894533,117.55999755859376,116.56999969482422,117.33000183105467,106.44132995605467,606700
2020-11-18,117.33999633789062,117.33999633789062,114.26000213623048,114.3000030517578,103.6925277709961,818500
2020-11-19,114.69000244140624,115.4000015258789,112.81999969482422,114.29000091552734,103.6834716796875,571200
2020-11-20,114.48999786376952,115.20999908447266,113.5,114.48999786376952,103.8648910522461,653000
2020-11-23,114.88999938964844,115.37999725341795,114.06999969482422,114.66000366210938,104.01911926269533,578100
2020-11-24,115.72000122070312,117.2699966430664,114.5999984741211,116.45999908447266,105.65206909179688,676400
2020-11-25,116.29000091552734,116.70999908447266,115.06999969482422,116.37000274658205,105.57041931152344,678500
2020-11-27,116.80999755859376,118.01000213623048,116.37999725341795,117.0500030517578,106.18731689453124,399400
2020-11-30,116.12999725341795,117.06999969482422,114.30999755859376,116.76000213623048,105.92422485351562,1162400
2020-12-01,117.6500015258789,119.98999786376952,117.25,119.8000030517578,108.68209838867188,1008800
2020-12-02,120.0,120.0,117.79000091552734,118.4800033569336,107.48461151123048,639300
2020-12-03,118.23999786376952,119.5999984741211,118.23999786376952,119.23999786376952,108.17406463623048,559700
2020-12-04,119.0,121.73999786376952,118.75,121.33999633789062,110.07916259765624,803700
2020-12-07,120.6999969482422,122.3499984741211,120.2699966430664,121.3000030517578,110.04290771484376,769500
2020-12-08,121.25,122.98999786376952,120.27999877929688,122.8499984741211,111.44905090332033,715600
2020-12-09,123.5500030517578,123.5500030517578,117.91999816894533,119.4499969482422,108.3646011352539,1245200
2020-12-10,118.94000244140624,119.9499969482422,118.01000213623048,118.5999984741211,107.5934600830078,623900
2020-12-11,118.4499969482422,119.2300033569336,118.04000091552734,118.94000244140624,107.90190887451172,559600
2020-12-14,119.20999908447266,119.4800033569336,117.20999908447266,117.20999908447266,106.88060760498048,723700
2020-12-15,118.16000366210938,119.2699966430664,117.58999633789062,119.19000244140624,108.68614196777344,561600
2020-12-16,118.88999938964844,119.51000213623048,117.72000122070312,118.33000183105467,107.90190887451172,686600
2020-12-17,118.4499969482422,119.6500015258789,117.62000274658205,118.62999725341795,108.17546081542967,822600
2020-12-18,118.81999969482422,119.83999633789062,118.45999908447266,119.48999786376952,108.95968627929688,2004100
2020-12-21,118.37999725341795,118.5,116.62999725341795,118.18000030517578,107.76512145996094,810400
2020-12-22,118.3499984741211,119.45999908447266,117.66000366210938,119.13999938964844,108.6405258178711,650300
2020-12-23,119.7699966430664,121.37000274658205,119.7699966430664,120.23999786376952,109.6435775756836,587900
2020-12-24,120.68000030517578,120.68000030517578,119.2300033569336,120.20999908447266,109.61622619628906,166100
2020-12-28,120.38999938964844,121.52999877929688,120.29000091552734,120.7300033569336,110.09040069580078,321100
2020-12-29,121.0999984741211,121.4800033569336,119.0,119.37999725341795,108.85939025878906,276700
2020-12-30,119.54000091552734,120.0199966430664,118.8499984741211,119.5199966430664,108.9870376586914,278100
2020-12-31,119.19000244140624,119.8000030517578,118.69000244140624,119.66000366210938,109.11471557617188,324300
2021-01-04,119.79000091552734,120.6500015258789,117.87000274658205,118.8000030517578,108.33049774169922,785000
2021-01-05,118.12999725341795,118.93000030517578,117.20999908447266,118.55999755859376,108.11163330078124,715600
2021-01-06,118.69000244140624,119.66999816894533,117.91999816894533,119.4800033569336,108.95056915283205,921200
2021-01-07,119.7699966430664,122.75,119.6500015258789,121.55999755859376,110.8472671508789,662900
2021-01-08,122.44000244140624,122.94000244140624,120.70999908447266,121.9800033569336,111.2302474975586,564100
2021-01-11,121.38999938964844,122.44000244140624,120.79000091552734,121.2300033569336,110.54634857177734,434800
2021-01-12,121.33000183105467,122.2300033569336,120.86000061035156,122.0199966430664,111.26671600341795,508800
2021-01-13,122.22000122070312,122.36000061035156,120.37999725341795,120.79000091552734,110.14512634277344,546200
2021-01-14,122.04000091552734,122.04000091552734,120.3000030517578,120.87999725341795,110.2271957397461,518100
2021-01-15,120.43000030517578,121.58999633789062,119.83999633789062,121.01000213623048,110.3457489013672,1004400
2021-01-19,121.4000015258789,123.36000061035156,120.68000030517578,122.69000244140624,111.877685546875,687900
2021-01-20,122.88999938964844,125.0,122.69000244140624,123.9800033569336,113.0540008544922,708000
2021-01-21,124.16000366210938,124.62999725341795,123.08000183105467,123.77999877929688,112.8716278076172,481600
2021-01-22,123.01000213623048,124.13999938964844,122.3499984741211,123.83000183105467,112.91722106933594,462800
2021-01-25,123.91999816894533,124.80999755859376,122.38999938964844,123.5199966430664,112.634521484375,504400
2021-01-26,123.44000244140624,123.5,121.26000213623048,121.41000366210938,110.71048736572266,479800
2021-01-27,120.68000030517578,120.68000030517578,116.4800033569336,117.30999755859376,106.9718017578125,775800
2021-01-28,117.08999633789062,119.37999725341795,116.80999755859376,117.47000122070312,107.1176986694336,621300
2021-01-29,117.16000366210938,117.16000366210938,113.58999633789062,114.86000061035156,104.73771667480467,1069500
2021-02-01,115.1999969482422,117.56999969482422,115.12000274658205,117.36000061035156,107.01739501953124,616200
2021-02-02,118.41000366210938,119.29000091552734,117.66999816894533,118.87000274658205,108.39432525634766,787400
2021-02-03,118.5500030517578,119.6500015258789,118.12000274658205,118.94000244140624,108.4581527709961,444000
2021-02-04,119.5,119.98999786376952,118.5500030517578,119.2699966430664,108.75907135009766,461200
2021-02-05,119.87000274658205,120.94000244140624,119.44000244140624,120.33000183105467,109.72566223144533,480300
2021-02-08,120.36000061035156,124.9800033569336,119.79000091552734,124.13999938964844,113.19987487792967,1218500
2021-02-09,124.66999816894533,127.1500015258789,123.20999908447266,126.12000274658205,115.0053939819336,1255400
2021-02-10,127.56999969482422,129.25999450683594,126.30999755859376,128.1199951171875,116.82913970947266,997900
2021-02-11,128.9499969482422,130.36000061035156,128.2899932861328,129.42999267578125,118.0237045288086,719100
2021-02-12,130.11000061035156,131.39999389648438,129.5,130.6999969482422,119.18177795410156,692000
2021-02-16,131.3699951171875,133.42999267578125,131.0500030517578,132.47999572753906,120.80491638183594,1334800
2021-02-17,132.1999969482422,132.9600067138672,128.47000122070312,129.50999450683594,118.09662628173828,1583400
2021-02-18,129.5500030517578,131.4199981689453,126.73999786376952,127.5999984741211,116.35496520996094,1296100
2021-02-19,128.02999877929688,128.91000366210938,127.66000366210938,128.00999450683594,116.72883605957033,886400
2021-02-22,127.98999786376952,128.22000122070312,127.33000183105467,127.6500015258789,116.40056610107422,771400
2021-02-23,126.08000183105467,127.0999984741211,124.25,126.02999877929688,114.92333984375,1032300
2021-02-24,125.48999786376952,129.24000549316406,125.16999816894533,128.4499969482422,117.13005828857422,626800
2021-02-25,128.24000549316406,128.44000244140625,123.88999938964844,124.33999633789062,113.38226318359376,552400
2021-02-26,124.16999816894533,125.55999755859376,123.5199966430664,124.0199966430664,113.0904769897461,939800
2021-03-01,125.19000244140624,129.02999877929688,125.06999969482422,128.27000427246094,116.96593475341795,894200
2021-03-02,128.35000610351562,128.6999969482422,126.56999969482422,127.01000213623048,115.81696319580078,819300
2021-03-03,126.58000183105467,126.97000122070312,123.70999908447266,123.81999969482422,112.9080810546875,851100
2021-03-04,124.51000213623048,126.41999816894533,117.73999786376952,119.86000061035156,109.29708099365234,803400
2021-03-05,121.16000366210938,122.77999877929688,117.76000213623048,122.41999816894533,111.6314697265625,844500
2021-03-08,123.26000213623048,123.97000122070312,121.43000030517578,122.5199966430664,111.72264862060548,603700
2021-03-09,123.5,126.63999938964844,122.69000244140624,125.2300033569336,114.19383239746094,835400
2021-03-10,125.94000244140624,127.68000030517578,125.86000061035156,126.88999938964844,115.70755004882812,619600
2021-03-11,127.8000030517578,128.80999755859375,127.05999755859376,127.72000122070312,116.46439361572266,693400
2021-03-12,127.0,127.56999969482422,126.58999633789062,127.45999908447266,116.78507995605467,499600
2021-03-15,127.6500015258789,128.22000122070312,126.86000061035156,128.11000061035156,117.38064575195312,519600
2021-03-16,128.9499969482422,129.47999572753906,126.66999816894533,128.27999877929688,117.53640747070312,695300
2021-03-17,127.77999877929688,127.77999877929688,124.66000366210938,126.43000030517578,115.84133911132812,658800
2021-03-18,126.23999786376952,126.62999725341795,124.88999938964844,125.4499969482422,114.94342041015624,540800
2021-03-19,125.41999816894533,126.45999908447266,124.0999984741211,125.70999908447266,115.18165588378906,1279900
2021-03-22,126.62000274658205,128.02999877929688,126.41000366210938,127.58000183105467,116.89505004882812,767500
2021-03-23,127.23999786376952,128.30999755859375,125.91999816894533,126.16000366210938,115.59395599365234,517900
2021-03-24,127.11000061035156,128.10000610351562,126.66999816894533,126.77999877929688,116.16203308105467,761800
2021-03-25,126.87999725341795,127.5999984741211,124.6500015258789,127.5500030517578,116.86756134033205,684300
2021-03-26,126.98999786376952,128.4499969482422,124.11000061035156,128.3699951171875,117.6188735961914,597600
2021-03-29,127.79000091552734,130.22999572753906,127.77999877929688,129.97000122070312,119.0848617553711,954400
2021-03-30,129.49000549316406,131.0500030517578,129.2899932861328,130.72999572753906,119.7812271118164,640900
2021-03-31,131.25,132.25,130.72999572753906,131.85000610351562,120.80743408203124,920500
2021-04-01,132.0,132.63999938964844,130.3800048828125,132.50999450683594,121.41212463378906,686100
2021-04-05,133.14999389648438,136.39999389648438,132.6300048828125,135.92999267578125,124.5457000732422,864600
2021-04-06,136.0,137.10000610351562,135.25999450683594,136.52000427246094,125.0862808227539,661400
2021-04-07,136.52000427246094,136.99000549316406,134.77999877929688,135.32000732421875,123.98682403564452,632100
2021-04-08,135.14999389648438,135.80999755859375,134.47000122070312,135.6300048828125,124.2708511352539,643500
2021-04-09,135.8699951171875,137.6999969482422,135.5,137.64999389648438,126.12165832519533,464800
2021-04-12,137.97000122070312,138.42999267578125,136.75999450683594,137.85000610351562,126.304931640625,414900
2021-04-13,138.1699981689453,138.82000732421875,137.02999877929688,138.6699981689453,127.05622863769533,486800
2021-04-14,138.1999969482422,139.22999572753906,137.22999572753906,137.61000061035156,126.08501434326172,456300
2021-04-15,138.22999572753906,138.60000610351562,137.57000732421875,138.5500030517578,126.94627380371094,444400
2021-04-16,138.94000244140625,141.72999572753906,138.94000244140625,140.60000610351562,128.82460021972656,1358100
2021-04-19,140.3300018310547,140.67999267578125,139.13999938964844,140.5500030517578,128.77877807617188,599300
2021-04-20,140.32000732421875,140.72000122070312,137.9499969482422,138.1999969482422,126.6256103515625,478100
2021-04-21,138.6999969482422,139.38999938964844,138.32000732421875,139.0,127.3585968017578,502900
2021-04-22,138.89999389648438,139.8699951171875,138.13999938964844,139.16000366210938,127.50518035888672,624100
2021-04-23,140.0,141.8800048828125,140.0,141.35000610351562,129.5117645263672,620900
2021-04-26,142.22999572753906,142.49000549316406,141.02999877929688,141.64999389648438,129.78665161132812,603000
2021-04-27,141.88999938964844,142.94000244140625,141.08999633789062,141.1199951171875,129.30104064941406,681700
2021-04-28,138.72000122070312,139.2899932861328,135.66000366210938,137.3800048828125,125.874267578125,902700
2021-04-29,138.97999572753906,139.89999389648438,137.66000366210938,138.67999267578125,127.0654067993164,543500
2021-04-30,138.3300018310547,138.38999938964844,136.91000366210938,137.24000549316406,125.74600219726562,665300
2021-05-03,138.5800018310547,138.6699981689453,137.02000427246094,137.88999938964844,126.341552734375,495700
2021-05-04,137.32000732421875,137.5800018310547,135.3300018310547,137.25999450683594,125.76432037353516,559500
2021-05-05,138.1300048828125,139.75,137.66000366210938,139.60000610351562,127.90836334228516,653000
2021-05-06,139.9199981689453,141.39999389648438,139.0399932861328,141.33999633789062,129.5026092529297,594900
2021-05-07,141.5800018310547,143.75999450683594,141.25999450683594,143.55999755859375,131.53668212890625,510800
2021-05-10,143.99000549316406,145.1999969482422,142.3300018310547,142.3800048828125,130.45550537109375,553500
2021-05-11,139.80999755859375,141.8699951171875,139.08999633789062,140.58999633789062,128.8154296875,610400
2021-05-12,139.77000427246094,140.5399932861328,135.77999877929688,136.14999389648438,124.74728393554688,629500
2021-05-13,136.47000122070312,139.1999969482422,136.4199981689453,138.08999633789062,126.5248031616211,589000
2021-05-14,139.58999633789062,141.27000427246094,139.24000549316406,140.38999938964844,128.63218688964844,484100
2021-05-17,139.72000122070312,140.97000122070312,139.58999633789062,140.10000610351562,128.366455078125,574600
2021-05-18,140.7899932861328,141.61000061035156,139.6199951171875,140.27000427246094,128.522216796875,733400
2021-05-19,138.35000610351562,138.82000732421875,137.13999938964844,138.1699981689453,126.59809112548828,836400
2021-05-20,139.07000732421875,139.82000732421875,137.9199981689453,139.27999877929688,127.61511993408205,614600
2021-05-21,139.6999969482422,141.38999938964844,139.3300018310547,139.83999633789062,128.12823486328125,858100
2021-05-24,140.97000122070312,140.97000122070312,139.75999450683594,139.99000549316406,128.26568603515625,588200
2021-05-25,141.10000610351562,141.88999938964844,140.32000732421875,140.8699951171875,129.07199096679688,837300
2021-05-26,141.8699951171875,142.5800018310547,141.25,141.5800018310547,129.72251892089844,806000
2021-05-27,142.02999877929688,143.4499969482422,141.72000122070312,142.3800048828125,130.45550537109375,1681300
2021-05-28,142.83999633789062,143.50999450683594,142.19000244140625,142.24000549316406,130.3272705078125,600700
2021-06-01,144.0,144.5399932861328,141.9199981689453,142.9199981689453,130.95030212402344,803100
2021-06-02,143.17999267578125,143.2899932861328,141.1699981689453,141.8800048828125,129.99737548828125,850000
2021-06-03,140.77000427246094,142.47999572753906,138.97000122070312,142.22000122070312,130.3089141845703,761500
2021-06-04,142.6699981689453,143.85000610351562,142.1199951171875,143.63999938964844,131.6099853515625,505300
2021-06-07,144.1199951171875,145.0,142.64999389648438,143.27000427246094,131.27098083496094,617000
2021-06-08,144.1300048828125,144.1300048828125,141.77999877929688,142.5500030517578,130.6112823486328,567800
2021-06-09,143.24000549316406,143.24000549316406,141.75999450683594,142.1699981689453,130.26312255859375,476800
2021-06-10,142.3000030517578,143.27000427246094,141.64999389648438,142.60000610351562,130.65708923339844,371200
2021-06-11,143.4199981689453,144.75999450683594,142.83999633789062,144.75999450683594,132.63619995117188,461000
2021-06-14,143.66000366210938,143.99000549316406,142.02999877929688,142.67999267578125,131.33828735351562,438800
2021-06-15,142.9600067138672,143.6999969482422,142.27000427246094,143.38999938964844,131.99183654785156,437600
2021-06-16,143.3699951171875,143.3699951171875,141.25999450683594,141.82000732421875,130.546630859375,546900
2021-06-17,141.44000244140625,141.75999450683594,139.61000061035156,141.0,129.79180908203125,659200
2021-06-18,140.1999969482422,141.17999267578125,138.60000610351562,139.5399932861328,128.44786071777344,1046100
2021-06-21,139.8000030517578,142.41000366210938,139.8000030517578,142.00999450683594,130.7215118408203,559700
2021-06-22,141.13999938964844,142.7899932861328,140.1300048828125,142.36000061035156,131.043701171875,642000
2021-06-23,142.36000061035156,142.77000427246094,141.25999450683594,141.8699951171875,130.59268188476562,698900
2021-06-24,142.8000030517578,143.38999938964844,141.99000549316406,143.0399932861328,131.66964721679688,412900
2021-06-25,143.92999267578125,144.7100067138672,143.7899932861328,144.3699951171875,132.8939208984375,450400
2021-06-28,144.6999969482422,144.6999969482422,143.66000366210938,144.27000427246094,132.80189514160156,676800
2021-06-29,144.6199951171875,145.8300018310547,144.52999877929688,145.3800048828125,133.8236541748047,399800
2021-06-30,145.6300048828125,145.77999877929688,143.91000366210938,144.63999938964844,133.14248657226562,529700
2021-07-01,145.27000427246094,146.1999969482422,144.41000366210938,146.08999633789062,134.4771728515625,518200
2021-07-02,146.7899932861328,147.3000030517578,146.22000122070312,147.0,135.3148651123047,507200
2021-07-06,147.3000030517578,147.33999633789062,145.16000366210938,146.63999938964844,134.98348999023438,654500
2021-07-07,146.47000122070312,147.99000549316406,146.30999755859375,147.8300018310547,136.07888793945312,531000
2021-07-08,145.32000732421875,147.4499969482422,144.85000610351562,146.74000549316406,135.07553100585938,462000
2021-07-09,147.0,149.0500030517578,147.0,148.80999755859375,136.98101806640625,524000
2021-07-12,148.50999450683594,149.89999389648438,148.27000427246094,149.88999938964844,137.9751434326172,393100
2021-07-13,149.88999938964844,149.99000549316406,148.8000030517578,149.08999633789062,137.23873901367188,324600
2021-07-14,149.6300048828125,149.89999389648438,148.50999450683594,149.3699951171875,137.4965057373047,451200
2021-07-15,148.99000549316406,149.72000122070312,148.1699981689453,149.11000061035156,137.25714111328125,405300
2021-07-16,149.11000061035156,149.9199981689453,148.6699981689453,149.38999938964844,137.514892578125,650300
2021-07-19,148.1999969482422,148.7100067138672,146.61000061035156,147.6300048828125,135.89480590820312,547400
2021-07-20,148.10000610351562,150.1699981689453,146.91000366210938,149.80999755859375,137.90147399902344,550000
2021-07-21,150.30999755859375,152.49000549316406,150.0500030517578,151.97000122070312,139.88980102539062,511400
2021-07-22,152.22000122070312,152.22000122070312,150.4499969482422,151.07000732421875,139.06134033203125,312500
2021-07-23,151.35000610351562,154.6199951171875,151.14999389648438,154.1300048828125,141.87811279296875,435000
2021-07-26,154.10000610351562,154.99000549316406,152.83999633789062,153.2899932861328,141.10488891601562,403000
2021-07-27,153.13999938964844,153.66000366210938,151.0800018310547,152.0399932861328,139.9542236328125,615300
2021-07-28,153.02999877929688,156.8000030517578,151.6199951171875,156.08999633789062,143.68231201171875,1082600
2021-07-29,157.44000244140625,158.35000610351562,156.24000549316406,157.82000732421875,145.27481079101562,660900
2021-07-30,157.27999877929688,158.8000030517578,156.60000610351562,157.1999969482422,144.70408630371094,748400
2021-08-02,156.97999572753906,159.41000366210938,156.97999572753906,157.85000610351562,145.30242919921875,465200
2021-08-03,158.97000122070312,161.05999755859375,157.9199981689453,160.97999572753906,148.18359375,636200
2021-08-04,161.19000244140625,163.1999969482422,161.0399932861328,162.27999877929688,149.38026428222656,605100
2021-08-05,163.0,164.05999755859375,162.02000427246094,163.88999938964844,150.86227416992188,530300
2021-08-06,164.3000030517578,166.25,164.22999572753906,165.72999572753906,152.55596923828125,588700
2021-08-09,165.50999450683594,166.1300048828125,163.9600067138672,165.4600067138672,152.30746459960938,583000
2021-08-10,165.89999389648438,166.57000732421875,165.25999450683594,165.66000366210938,152.49160766601562,396600
2021-08-11,166.0,168.3000030517578,165.10000610351562,167.22999572753906,153.93678283691406,576900
2021-08-12,166.99000549316406,167.99000549316406,165.33999633789062,165.9499969482422,152.758544921875,554200
2021-08-13,166.41000366210938,167.61000061035156,165.91000366210938,167.52000427246094,154.2037353515625,299200
2021-08-16,167.27000427246094,169.1199951171875,166.8000030517578,168.85000610351562,155.4280242919922,462400
2021-08-17,168.72000122070312,168.72000122070312,165.85000610351562,166.97000122070312,153.6974334716797,419900
2021-08-18,166.41000366210938,167.49000549316406,164.5500030517578,164.63999938964844,151.5526580810547,475400
2021-08-19,163.69000244140625,166.8800048828125,162.44000244140625,166.8000030517578,153.54095458984375,504800
2021-08-20,167.13999938964844,171.30999755859375,166.92999267578125,170.42999267578125,156.88241577148438,802100
2021-08-23,170.61000061035156,172.42999267578125,170.42999267578125,171.35000610351562,157.7292938232422,437700
2021-08-24,171.72000122070312,173.57000732421875,170.75,173.42999267578125,159.64393615722656,545300
2021-08-25,173.52999877929688,175.1999969482422,172.3300018310547,172.61000061035156,158.88909912109375,816700
2021-08-26,172.2100067138672,173.13999938964844,170.5,172.9199981689453,159.17446899414062,567900
2021-08-27,173.5,176.25,173.5,175.86000061035156,161.88076782226562,619300
2021-08-30,176.24000549316406,178.5800018310547,175.55999755859375,178.3800048828125,164.2004852294922,506500
2021-08-31,178.6300048828125,178.80999755859375,172.6199951171875,174.42999267578125,160.56442260742188,924100
2021-09-01,174.19000244140625,176.05999755859375,173.00999450683594,175.5,161.5493927001953,610000
2021-09-02,175.6699981689453,176.14999389648438,175.14999389648438,175.67999267578125,161.715087890625,583700
2021-09-03,175.5800018310547,176.88999938964844,174.61000061035156,176.11000061035156,162.1109161376953,653000
2021-09-07,176.0800018310547,176.60000610351562,173.36000061035156,174.5,160.62887573242188,607700
2021-09-08,173.6699981689453,174.14999389648438,172.75,173.11000061035156,159.34938049316406,630900
2021-09-09,172.4499969482422,174.24000549316406,172.24000549316406,173.11000061035156,159.34938049316406,506400
2021-09-10,174.3000030517578,174.88999938964844,172.49000549316406,172.58999633789062,158.87069702148438,440700
2021-09-13,173.89999389648438,174.30999755859375,170.0500030517578,171.25,157.63722229003906,828500
2021-09-14,171.60000610351562,172.11000061035156,169.0500030517578,169.47000122070312,156.61143493652344,606800
2021-09-15,169.6699981689453,169.77000427246094,167.4499969482422,169.1300048828125,156.29725646972656,741000
2021-09-16,168.72999572753906,169.13999938964844,166.77999877929688,168.6199951171875,155.825927734375,658700
2021-09-17,167.7100067138672,168.97999572753906,165.8699951171875,167.25999450683594,154.56912231445312,1441500
2021-09-20,165.33999633789062,167.2100067138672,164.0,166.97999572753906,154.3103790283203,842600
2021-09-21,168.24000549316406,168.47000122070312,166.17999267578125,166.3000030517578,153.68197631835938,447300
2021-09-22,167.5,169.9199981689453,167.0,169.35000610351562,156.50054931640625,787200
2021-09-23,169.72999572753906,172.82000732421875,169.36000061035156,171.80999755859375,158.7738800048828,670100
2021-09-24,170.75,173.2899932861328,170.10000610351562,172.6199951171875,159.52243041992188,534500
2021-09-27,172.36000061035156,172.36000061035156,162.27999877929688,162.61000061035156,150.2719268798828,1004300
2021-09-28,161.7100067138672,161.75999450683594,157.10000610351562,158.0500030517578,146.0579376220703,1099100
2021-09-29,158.74000549316406,160.72000122070312,157.74000549316406,158.00999450683594,146.02096557617188,644400
2021-09-30,159.0,160.24000549316406,155.22000122070312,155.4600067138672,143.6644744873047,886300
2021-10-01,156.07000732421875,156.2899932861328,152.49000549316406,155.11000061035156,143.3410186767578,549100
2021-10-04,154.9199981689453,155.6300048828125,153.63999938964844,155.25999450683594,143.47962951660156,893600
2021-10-05,156.0,158.0399932861328,153.3300018310547,157.27999877929688,145.34637451171875,734000
2021-10-06,155.94000244140625,157.3699951171875,154.69000244140625,156.2899932861328,144.43145751953125,503400
2021-10-07,157.66000366210938,159.5800018310547,156.0500030517578,156.60000610351562,144.7179412841797,812700
2021-10-08,157.1999969482422,157.1999969482422,154.4600067138672,155.4600067138672,143.6644744873047,447500
2021-10-11,155.0,155.77999877929688,153.2899932861328,153.55999755859375,141.9086151123047,552400
2021-10-12,154.08999633789062,155.22000122070312,153.3300018310547,153.83999633789062,142.16737365722656,361700
2021-10-13,155.1999969482422,155.9499969482422,154.30999755859375,154.77000427246094,143.0268096923828,545600
2021-10-14,156.07000732421875,158.16000366210938,156.07000732421875,157.25,145.31863403320312,543000
2021-10-15,158.8699951171875,158.8699951171875,155.7100067138672,156.1300048828125,144.28363037109375,740500
2021-10-18,155.58999633789062,159.67999267578125,155.58999633789062,159.39999389648438,147.30552673339844,579300
2021-10-19,159.9199981689453,161.0,159.07000732421875,159.52999877929688,147.42562866210938,546500
2021-10-20,159.4199981689453,162.72000122070312,159.30999755859375,162.30999755859375,149.99468994140625,707600
2021-10-21,163.0500030517578,164.7100067138672,161.47999572753906,164.0,151.55650329589844,613100
2021-10-22,164.0,165.83999633789062,163.1199951171875,165.14999389648438,152.61924743652344,496100
2021-10-25,165.1199951171875,165.7100067138672,163.8699951171875,164.05999755859375,151.61192321777344,502900
2021-10-26,164.80999755859375,164.80999755859375,159.42999267578125,160.3000030517578,148.13722229003906,975800
2021-10-27,158.58999633789062,158.58999633789062,145.30999755859375,146.2100067138672,135.11630249023438,1802300
2021-10-28,145.8699951171875,147.58999633789062,144.24000549316406,145.0500030517578,134.0443115234375,1258000
2021-10-29,144.50999450683594,145.22999572753906,142.1999969482422,143.60000610351562,132.70433044433594,1237400
2021-11-01,144.47999572753906,144.77000427246094,140.8800048828125,141.3300018310547,130.60653686523438,1033300
2021-11-02,142.00999450683594,145.30999755859375,141.63999938964844,144.25,133.3050079345703,1055700
2021-11-03,144.1699981689453,144.60000610351562,141.72999572753906,143.13999938964844,132.2792205810547,1165300
2021-11-04,143.36000061035156,143.83999633789062,142.10000610351562,142.6999969482422,131.8726043701172,840300
2021-11-05,143.64999389648438,144.11000061035156,140.72000122070312,142.17999267578125,131.39207458496094,905900
2021-11-08,143.0399932861328,146.5800018310547,143.0399932861328,146.4600067138672,135.3473663330078,1105300
2021-11-09,146.10000610351562,148.8699951171875,143.97000122070312,144.94000244140625,133.9426727294922,706700
2021-11-10,144.6300048828125,144.6300048828125,141.92999267578125,143.02999877929688,132.17758178710938,593700
2021-11-11,144.17999267578125,144.58999633789062,141.92999267578125,142.0399932861328,131.2626953125,591000
2021-11-12,145.16000366210938,145.16000366210938,142.10000610351562,143.0800018310547,132.2238006591797,500400
2021-11-15,143.5,145.49000549316406,142.83999633789062,145.27999877929688,134.25686645507812,610800
2021-11-16,145.57000732421875,147.0399932861328,145.1999969482422,145.91000366210938,134.83908081054688,821500
2021-11-17,146.22000122070312,146.36000061035156,144.0399932861328,144.8300018310547,133.8410186767578,602000
2021-11-18,146.1999969482422,146.57000732421875,143.57000732421875,144.5399932861328,133.57301330566406,881100
2021-11-19,144.8699951171875,145.30999755859375,142.25,142.8000030517578,131.9650421142578,1735000
2021-11-22,142.58999633789062,144.52000427246094,142.39999389648438,142.5,131.68780517578125,1050000
2021-11-23,142.5,143.22000122070312,141.8000030517578,142.77999877929688,131.94656372070312,601900
2021-11-24,141.8699951171875,143.88999938964844,140.83999633789062,143.11000061035156,132.25152587890625,783000
2021-11-26,140.02000427246094,140.4199981689453,138.3000030517578,139.38999938964844,128.81378173828125,580500
2021-11-29,140.5,140.92999267578125,138.1300048828125,139.24000549316406,128.67514038085938,677700
2021-11-30,138.63999938964844,138.63999938964844,132.2899932861328,133.5399932861328,123.40763854980467,2161400
2021-12-01,135.3699951171875,137.89999389648438,132.22999572753906,132.22999572753906,122.19703674316406,1449400
2021-12-02,132.6199951171875,134.6699981689453,132.4199981689453,134.02999877929688,123.8604507446289,1142200
2021-12-03,134.1300048828125,136.0399932861328,133.7100067138672,135.05999755859375,124.81230926513672,1188700
2021-12-06,135.49000549316406,136.0,133.55999755859375,134.0,123.8327407836914,1421400
2021-12-07,136.0,138.7899932861328,134.80999755859375,137.9600067138672,127.49226379394533,415100
2021-12-08,136.61000061035156,139.49000549316406,136.61000061035156,138.97000122070312,128.42562866210938,632100
2021-12-09,139.24000549316406,139.24000549316406,135.25999450683594,135.36000061035156,125.08953857421876,661800
2021-12-10,137.0,137.50999450683594,135.6999969482422,136.11000061035156,125.78264617919922,745200
2021-12-13,135.58999633789062,136.88999938964844,134.5500030517578,134.69000244140625,124.47039031982422,701100
2021-12-14,133.1999969482422,134.6199951171875,133.0,134.1300048828125,124.57254791259766,1138600
2021-12-15,134.69000244140625,135.6199951171875,132.85000610351562,135.42999267578125,125.77989959716795,723200
2021-12-16,135.07000732421875,136.6300048828125,134.02000427246094,134.2899932861328,124.72115325927734,1168400
2021-12-17,133.80999755859375,134.3699951171875,132.13999938964844,132.22999572753906,122.80792236328124,2104600
2021-12-20,130.69000244140625,130.7899932861328,128.02999877929688,129.30999755859375,120.0959930419922,989600
2021-12-21,130.30999755859375,133.02999877929688,130.30999755859375,132.83999633789062,123.3744659423828,739000
2021-12-22,132.10000610351562,134.30999755859375,132.10000610351562,134.10000610351562,124.544677734375,553500
2021-12-23,134.6300048828125,135.44000244140625,134.3699951171875,134.47999572753906,124.89756774902344,390000
2021-12-27,135.0,136.07000732421875,134.35000610351562,135.94000244140625,126.25357055664062,333600
2021-12-28,136.2100067138672,136.77000427246094,135.08999633789062,135.75999450683594,126.0864028930664,426300
2021-12-29,135.99000549316406,136.69000244140625,135.22999572753906,136.02000427246094,126.32787322998048,669900
2021-12-30,136.77999877929688,137.7899932861328,136.02999877929688,136.7100067138672,126.96868896484376,351100
2021-12-31,136.5500030517578,137.00999450683594,135.42999267578125,136.1699981689453,126.4671859741211,393000
2022-01-03,136.5800018310547,136.9600067138672,132.91000366210938,133.5500030517578,124.03387451171876,812000
2022-01-04,134.55999755859375,135.30999755859375,133.0500030517578,133.57000732421875,124.05245971679688,743200
2022-01-05,136.55999755859375,138.25,133.0500030517578,133.0500030517578,123.56951141357422,1479600
2022-01-06,132.83999633789062,134.00999450683594,131.4600067138672,132.77999877929688,123.31873321533205,821600
2022-01-07,132.5,133.05999755859375,130.8699951171875,130.9499969482422,121.61912536621094,729600
2022-01-10,130.0399932861328,131.08999633789062,128.0399932861328,130.0500030517578,120.78326416015624,960900
2022-01-11,130.27000427246094,132.27999877929688,129.47000122070312,131.77999877929688,122.3899917602539,667400
2022-01-12,131.5399932861328,132.75,131.27000427246094,132.0,122.59431457519533,738900
2022-01-13,132.1999969482422,132.8000030517578,130.89999389648438,132.14999389648438,122.7335968017578,885100
2022-01-14,131.55999755859375,132.66000366210938,130.2100067138672,132.3800048828125,122.9472198486328,1051900
2022-01-18,131.13999938964844,133.60000610351562,130.80999755859375,132.77999877929688,123.31873321533205,1464300
2022-01-19,133.32000732421875,133.7899932861328,131.16000366210938,131.22999572753906,121.87918090820312,1118500
2022-01-20,131.99000549316406,131.99000549316406,123.1999969482422,123.29000091552734,114.50494384765624,1941000
2022-01-21,122.70999908447266,124.37999725341795,120.87999725341795,121.44000244140624,112.78677368164062,3342300
2022-01-24,119.0,123.69000244140624,117.97000122070312,123.41000366210938,114.61639404296876,1621100
2022-01-25,121.55999755859376,122.77999877929688,118.1999969482422,121.37000274658205,112.72177124023438,1091600
2022-01-26,122.94000244140624,124.51000213623048,119.63999938964844,120.5199966430664,111.93231964111328,825800
2022-01-27,121.0,122.47000122070312,118.11000061035156,118.86000061035156,110.39059448242188,686200
2022-01-28,119.20999908447266,121.41000366210938,117.70999908447266,121.25,112.6103057861328,881000
2022-01-31,121.5199966430664,124.48999786376952,120.9000015258789,124.41999816894533,115.55442810058594,926300
2022-02-01,124.52999877929688,125.52999877929688,122.61000061035156,125.36000061035156,116.4274444580078,630100
2022-02-02,126.87000274658205,128.3000030517578,125.86000061035156,127.2300033569336,118.1642074584961,1213300
2022-02-03,126.23999786376952,127.83000183105467,125.0199966430664,125.0999984741211,116.18596649169922,773300
2022-02-04,124.20999908447266,126.36000061035156,123.26000213623048,124.76000213623048,115.87020874023438,857700
2022-02-07,124.77999877929688,126.45999908447266,124.68000030517578,125.08999633789062,116.17668914794922,917600
2022-02-08,125.6999969482422,126.66000366210938,124.62000274658205,126.36000061035156,117.356201171875,571600
2022-02-09,127.5999984741211,128.80999755859375,127.4800033569336,128.6999969482422,119.52945709228516,410500
2022-02-10,126.97000122070312,129.07000732421875,124.05999755859376,124.20999908447266,115.35938262939452,1096700
2022-02-11,124.44000244140624,125.76000213623048,122.66999816894533,123.2300033569336,114.44922637939452,788600
2022-02-14,122.75,123.51000213623048,120.12999725341795,120.76000213623048,112.15522003173828,855100
2022-02-15,121.95999908447266,122.98999786376952,118.7300033569336,119.87999725341795,111.33792877197266,1671700
2022-02-16,116.27999877929688,121.0,114.25,119.58999633789062,111.0685806274414,1618000
2022-02-17,117.55999755859376,118.31999969482422,112.75,113.31999969482422,105.245361328125,1778400
2022-02-18,112.88999938964844,115.56999969482422,112.04000091552734,114.5199966430664,106.35983276367188,1610500
2022-02-22,114.41999816894533,114.6500015258789,111.2300033569336,111.83000183105467,103.86151123046876,1448900
2022-02-23,112.22000122070312,113.08000183105467,109.61000061035156,109.79000091552734,101.9668960571289,1243500
2022-02-24,106.9000015258789,110.44000244140624,106.66000366210938,110.41000366210938,102.542724609375,3863600
2022-02-25,110.31999969482422,112.30999755859376,109.8499984741211,111.83000183105467,103.86151123046876,1905500
2022-02-28,110.0,111.26000213623048,109.48999786376952,110.44000244140624,102.57057189941406,2018900
2022-03-01,110.12999725341795,110.7300033569336,109.08000183105467,110.0,102.16192626953124,2111400
2022-03-02,110.02999877929688,115.20999908447266,110.0,113.91000366210938,105.79331970214844,2971300
2022-03-03,113.7300033569336,114.45999908447266,111.5,112.0500030517578,104.06585693359376,1159900
2022-03-04,110.80999755859376,111.0,109.51000213623048,110.56999969482422,102.69131469726562,1052800
2022-03-07,110.0,110.20999908447266,106.73999786376952,108.63999938964844,100.89884185791016,3009800
2022-03-08,108.0500030517578,111.80999755859376,107.77999877929688,109.9800033569336,102.14334106445312,1979600
2022-03-09,111.83000183105467,112.4800033569336,109.98999786376952,110.72000122070312,102.83062744140624,2000100
2022-03-10,109.69000244140624,111.83000183105467,109.04000091552734,111.12999725341795,103.21141815185548,1391100
2022-03-11,111.91999816894533,112.30999755859376,109.8000030517578,109.8000030517578,101.97618865966795,1121400
2022-03-14,108.87000274658205,109.7300033569336,108.20999908447266,109.36000061035156,102.19110870361328,1806800
2022-03-15,109.63999938964844,110.19000244140624,108.08999633789062,109.69000244140624,102.49947357177734,1753200
2022-03-16,110.06999969482422,111.97000122070312,109.8000030517578,111.93000030517578,104.59263610839844,857300
2022-03-17,111.11000061035156,116.81999969482422,111.01000213623048,116.51000213623048,108.87240600585938,2194600
2022-03-18,119.0,120.54000091552734,118.4499969482422,119.61000061035156,111.7691879272461,3346400
2022-03-21,119.52999877929688,120.23999786376952,116.12999725341795,116.6999969482422,109.04993438720705,1244600
2022-03-22,117.83999633789062,119.2699966430664,117.66000366210938,118.54000091552734,110.7693328857422,750700
2022-03-23,117.66000366210938,118.8499984741211,115.37000274658205,115.87000274658205,108.27436065673828,858800
2022-03-24,116.37000274658205,116.88999938964844,114.41999816894533,116.81999969482422,109.16207885742188,983400
2022-03-25,117.0500030517578,117.48999786376952,116.13999938964844,116.56999969482422,108.92847442626952,949700
2022-03-28,116.43000030517578,119.0999984741211,116.16000366210938,118.87000274658205,111.07769012451172,709600
2022-03-29,120.69000244140624,121.73999786376952,120.16999816894533,121.38999938964844,113.4324951171875,762100
2022-03-30,121.0,121.68000030517578,119.68000030517578,120.29000091552734,112.40460205078124,778400
2022-03-31,119.87999725341795,120.9800033569336,118.51000213623048,118.61000061035156,110.83472442626952,1024400
2022-04-01,119.5,120.02999877929688,115.5,116.11000061035156,108.49861145019533,1001600
2022-04-04,116.81999969482422,119.20999908447266,116.73999786376952,118.75,110.9655532836914,707500
2022-04-05,118.58000183105467,118.66999816894533,116.63999938964844,117.04000091552734,109.3676528930664,684500
2022-04-06,115.6999969482422,115.97000122070312,113.37000274658205,114.27999877929688,106.78858184814452,965400
2022-04-07,113.0500030517578,115.87000274658205,113.0199966430664,115.3499984741211,107.78843688964844,963000
2022-04-08,115.19000244140624,115.66999816894533,113.43000030517578,114.23999786376952,106.75120544433594,875800
2022-04-11,114.0,114.31999969482422,111.45999908447266,111.73999786376952,104.41507720947266,777100
2022-04-12,113.12999725341795,114.83000183105467,111.13999938964844,111.81999969482422,104.4898452758789,764200
2022-04-13,111.75,113.25,111.44000244140624,113.06999969482422,105.65789794921876,544600
2022-04-14,113.43000030517578,113.79000091552734,111.2699966430664,111.30999755859376,104.01327514648438,539000
2022-04-18,110.58999633789062,111.4499969482422,109.88999938964844,110.56999969482422,103.32177734375,603400
2022-04-19,111.0,113.25,111.0,113.1999969482422,105.77937316894533,607200
2022-04-20,114.33000183105467,115.33999633789062,113.1999969482422,114.68000030517578,107.1623764038086,555400
2022-04-21,116.11000061035156,117.1999969482422,112.91000366210938,113.2300033569336,105.80741119384766,565400
2022-04-22,112.5999984741211,113.2300033569336,110.0,110.5,103.2563705444336,826100
2022-04-25,110.13999938964844,112.95999908447266,109.41000366210938,112.80999755859376,105.4149398803711,953600
2022-04-26,112.55999755859376,112.55999755859376,109.98999786376952,110.0,102.78913879394533,1471700
2022-04-27,109.0,110.12999725341795,107.52999877929688,109.5,102.32192993164062,2377000
2022-04-28,109.2699966430664,112.26000213623048,109.01000213623048,110.63999938964844,103.38719177246094,1285500
2022-04-29,109.77999877929688,112.33999633789062,109.61000061035156,109.73999786376952,102.54620361328124,1388100
2022-05-02,109.9000015258789,112.11000061035156,109.61000061035156,111.80999755859376,104.4804916381836,1231800
2022-05-03,111.19000244140624,112.63999938964844,110.93000030517578,111.79000091552734,104.46180725097656,779900
2022-05-04,111.5,114.38999938964844,110.0,114.1999969482422,106.71381378173828,731800
2022-05-05,112.41000366210938,112.81999969482422,107.55999755859376,108.75,101.62109375,750100
2022-05-06,107.45999908447266,108.16999816894533,104.70999908447266,106.02999877929688,99.07937622070312,709500
2022-05-09,104.18000030517578,105.5,102.33000183105467,102.6999969482422,95.96768188476562,700300
2022-05-10,104.3499984741211,104.9800033569336,99.83000183105467,101.23999786376952,94.6033935546875,832600
2022-05-11,100.72000122070312,102.8499984741211,97.62000274658205,97.9499969482422,91.5290756225586,870300
2022-05-12,97.5999984741211,100.29000091552734,97.36000061035156,99.47000122070312,92.94940948486328,759200
2022-05-13,100.43000030517578,102.38999938964844,100.23999786376952,101.36000061035156,94.7155303955078,571000
2022-05-16,100.5199966430664,101.98999786376952,99.75,101.2699966430664,94.63142395019533,668800
2022-05-17,103.2300033569336,104.95999908447266,102.26000213623048,104.5500030517578,97.69642639160156,793200
2022-05-18,103.08000183105467,103.4000015258789,100.44000244140624,101.1999969482422,94.56602478027344,1053400
2022-05-19,100.88999938964844,101.98999786376952,100.25,100.77999877929688,94.17355346679688,964500
2022-05-20,102.12000274658205,102.41000366210938,97.41999816894533,100.6500015258789,94.05207061767578,1250500
2022-05-23,101.8000030517578,101.87000274658205,100.01000213623048,101.37000274658205,94.72486877441406,579400
2022-05-24,100.58000183105467,101.13999938964844,96.79000091552734,98.94000244140624,92.45417022705078,1164500
2022-05-25,98.47000122070312,100.12999725341795,98.47000122070312,99.33999633789062,92.82794189453124,896300
2022-05-26,100.18000030517578,103.0199966430664,100.18000030517578,102.48999786376952,95.77144622802734,566000
2022-05-27,103.4000015258789,105.58999633789062,103.0199966430664,105.54000091552734,98.62151336669922,557100
2022-05-31,105.13999938964844,106.0500030517578,103.8000030517578,105.62000274658205,98.6962661743164,1837900
2022-06-01,106.94000244140624,107.12000274658205,102.73999786376952,103.51000213623048,96.7245864868164,738200
2022-06-02,103.5,107.12000274658205,103.3000030517578,106.98999786376952,99.9764633178711,592600
2022-06-03,106.01000213623048,106.33000183105467,104.43000030517578,104.80999755859376,97.93936920166016,418800
2022-06-06,105.25,105.91000366210938,104.08999633789062,104.61000061035156,97.7524871826172,570600
2022-06-07,103.37000274658205,105.87999725341795,103.16999816894533,105.79000091552734,98.85514068603516,503700
2022-06-08,105.04000091552734,105.26000213623048,103.2699966430664,103.55999755859376,96.77130126953124,592300
2022-06-09,102.8499984741211,104.16000366210938,101.87000274658205,101.87999725341795,95.20144653320312,674900
2022-06-10,100.76000213623048,100.8499984741211,99.1500015258789,99.93000030517578,93.37925720214844,581100
2022-06-13,97.08000183105467,98.5,96.26000213623048,97.52999877929688,91.13658905029295,925100
2022-06-14,97.6999969482422,98.38999938964844,96.36000061035156,96.72000122070312,90.37969207763672,905900
2022-06-15,96.93000030517578,98.37000274658205,95.20999908447266,96.9800033569336,90.6226577758789,874700
2022-06-16,94.44000244140624,95.43000030517578,92.52999877929688,92.77999877929688,87.35552215576172,1189600
2022-06-17,93.56999969482422,94.41999816894533,92.62999725341795,93.47000122070312,88.00518798828125,1803500
2022-06-21,94.83999633789062,96.1500015258789,94.3499984741211,95.6500015258789,90.05774688720703,944600
2022-06-22,94.6500015258789,97.22000122070312,94.6500015258789,96.4800033569336,90.83922576904295,1072400
2022-06-23,96.76000213623048,98.94000244140624,96.54000091552734,98.87999725341795,93.09889221191406,863800
2022-06-24,99.0999984741211,100.18000030517578,98.5,100.12999725341795,94.27579498291016,1450700
2022-06-27,100.0199966430664,101.4499969482422,99.22000122070312,100.1500015258789,94.29463958740234,796700
2022-06-28,100.98999786376952,101.8499984741211,98.05999755859376,98.18000030517578,92.43980407714844,711700
2022-06-29,98.2300033569336,99.33000183105467,97.19000244140624,99.02999877929688,93.24010467529295,726100
2022-06-30,97.73999786376952,99.13999938964844,96.94000244140624,98.25,92.5057144165039,739300
2022-07-01,98.25,98.91000366210938,96.25,98.48999786376952,92.731689453125,749800
2022-07-05,97.06999969482422,100.0199966430664,96.04000091552734,99.9499969482422,94.10633087158205,916100
2022-07-06,100.93000030517578,101.25,99.5199966430664,100.61000061035156,94.72774505615234,655200
2022-07-07,101.0,104.41999816894533,100.52999877929688,104.0199966430664,97.9383773803711,823500
2022-07-08,102.72000122070312,103.8000030517578,101.81999969482422,102.9800033569336,96.95916748046876,1233600
2022-07-11,102.62999725341795,103.02999877929688,100.3000030517578,100.5999984741211,94.71833038330078,710100
2022-07-12,100.86000061035156,102.9800033569336,100.13999938964844,101.75,95.80107879638672,870000
2022-07-13,100.33000183105467,101.36000061035156,98.7699966430664,100.1999969482422,94.34170532226562,998500
2022-07-14,98.91999816894533,99.37000274658205,96.41999816894533,97.95999908447266,92.232666015625,1092400
2022-07-15,99.69000244140624,100.97000122070312,98.4499969482422,99.9000015258789,94.05926513671876,5253500
2022-07-18,100.4800033569336,101.11000061035156,99.37000274658205,99.7699966430664,93.93685150146484,1211700
2022-07-19,101.93000030517578,103.44000244140624,101.33000183105467,103.23999786376952,97.20397186279295,895000
2022-07-20,103.69000244140624,106.87999725341795,103.55999755859376,106.22000122070312,100.00975799560548,1111200
2022-07-21,106.52999877929688,107.88999938964844,106.0,107.88999938964844,101.58210754394533,796500
2022-07-22,108.31999969482422,108.31999969482422,104.62999725341795,104.9499969482422,98.81400299072266,902400
2022-07-25,104.79000091552734,104.79000091552734,102.9499969482422,104.08000183105467,97.9948501586914,642100
2022-07-26,103.06999969482422,103.4000015258789,101.81999969482422,102.5,96.50724029541016,1242600
2022-07-27,93.18000030517578,95.30999755859376,92.30999755859376,93.55999755859376,88.08993530273438,3358300
2022-07-28,93.66000366210938,98.0999984741211,93.66000366210938,98.04000091552734,92.30799865722656,1722400
2022-07-29,98.62000274658205,99.73999786376952,96.95999908447266,97.62000274658205,91.91256713867188,1190500
2022-08-01,96.69000244140624,98.8000030517578,96.4499969482422,98.2699966430664,92.52454376220705,826900
2022-08-02,98.25,98.8499984741211,96.43000030517578,96.4800033569336,90.83922576904295,1042700
2022-08-03,96.9000015258789,98.20999908447266,96.5,97.81999969482422,92.1008529663086,831300
2022-08-04,97.9800033569336,98.36000061035156,97.16999816894533,97.80999755859376,92.09143829345705,548400
2022-08-05,96.75,97.8499984741211,95.87000274658205,97.5999984741211,91.89372253417967,579500
2022-08-08,98.30999755859376,100.41000366210938,97.9499969482422,98.5500030517578,92.78817749023438,838100
2022-08-09,97.66000366210938,97.87999725341795,95.0199966430664,95.12000274658205,89.55870819091797,1022700
2022-08-10,97.19000244140624,98.87999725341795,96.58999633789062,98.31999969482422,92.57162475585938,1117000
2022-08-11,98.58999633789062,100.26000213623048,98.16999816894533,98.66999816894533,92.90115356445312,1535900
2022-08-12,99.66000366210938,100.36000061035156,99.12000274658205,100.06999969482422,94.21930694580078,705900
2022-08-15,99.5199966430664,100.0199966430664,98.5199966430664,99.52999877929688,93.71088409423828,744500
2022-08-16,98.79000091552734,100.36000061035156,98.79000091552734,99.58999633789062,93.76737213134766,486300
2022-08-17,98.38999938964844,99.41000366210938,97.37999725341795,98.66999816894533,92.90115356445312,641800
2022-08-18,98.55999755859376,99.33000183105467,98.5,99.08999633789062,93.2966079711914,431800
2022-08-19,98.66999816894533,98.66999816894533,96.20999908447266,97.12999725341795,91.45118713378906,1078400
2022-08-22,95.7300033569336,95.87999725341795,94.16000366210938,94.3000030517578,88.78665924072266,1139800
2022-08-23,94.26000213623048,94.9499969482422,93.61000061035156,93.83000183105467,88.34414672851562,720300
2022-08-24,93.91000366210938,94.37000274658205,93.1999969482422,93.9000015258789,88.4100570678711,668400
2022-08-25,94.33000183105467,95.1500015258789,93.62999725341795,95.13999938964844,89.57754516601562,584600
2022-08-26,95.81999969482422,95.81999969482422,91.4000015258789,91.4499969482422,86.10328674316406,641900
2022-08-29,90.58000183105467,91.66999816894533,90.19000244140624,90.56999969482422,85.27473449707031,558000
2022-08-30,91.29000091552734,91.37000274658205,89.01000213623047,89.5,84.26729583740234,873000
2022-08-31,89.51000213623047,90.29000091552734,88.33000183105469,88.48999786376953,83.31635284423828,1304200
2022-09-01,88.2699966430664,89.58999633789062,87.62999725341797,89.4000015258789,84.17314147949219,861900
2022-09-02,90.0,90.4000015258789,87.97000122070312,88.51000213623047,83.3351821899414,639500
2022-09-06,88.70999908447266,88.70999908447266,86.7300033569336,87.79000091552734,82.65727996826172,1022600
2022-09-07,87.77999877929688,90.77999877929688,87.77999877929688,90.7300033569336,85.42537689208984,1320100
2022-09-08,90.0,91.18000030517578,89.0,89.91999816894531,84.66275024414062,1237400
2022-09-09,90.3000030517578,91.27999877929688,90.02999877929688,90.83999633789062,85.52894592285156,839100
2022-09-12,91.5500030517578,93.6500015258789,91.3499984741211,92.94000244140624,87.50618743896484,1014600
2022-09-13,90.18000030517578,90.88999938964844,88.4800033569336,88.80000305175781,83.60823059082031,1284400
2022-09-14,88.16999816894531,88.95999908447266,87.52999877929688,88.3499984741211,83.8740463256836,928300
2022-09-15,88.18000030517578,89.26000213623047,86.7699966430664,86.94999694824219,82.54497528076172,1172500
2022-09-16,86.26000213623047,86.55000305175781,85.58999633789062,85.7300033569336,81.38677215576172,2743700
2022-09-19,85.27999877929688,87.36000061035156,85.23999786376953,87.33999633789062,82.91520690917969,974900
2022-09-20,86.29000091552734,86.44000244140625,84.44000244140625,85.45999908447266,81.13044738769531,1301200
2022-09-21,85.70999908447266,87.29000091552734,84.37000274658203,84.38999938964844,80.11465454101562,1028300
2022-09-22,83.94000244140625,83.98999786376953,82.69999694824219,82.94000244140625,78.73812866210938,747100
2022-09-23,82.2300033569336,82.80999755859375,81.26000213623047,82.7699966430664,78.57672119140625,1210900
2022-09-26,82.52999877929688,83.7699966430664,82.19999694824219,82.33000183105469,78.15901947021484,1012600
2022-09-27,83.47000122070312,83.62000274658203,81.0,81.68000030517578,77.54196166992188,898100
2022-09-28,82.20999908447266,84.44000244140625,82.08999633789062,83.9000015258789,79.64949035644531,1484000
2022-09-29,82.9000015258789,82.9000015258789,81.45999908447266,81.7699966430664,77.62740325927734,799100
2022-09-30,81.58999633789062,82.66000366210938,80.22000122070312,80.30999755859375,76.2413558959961,957200
2022-10-03,80.94999694824219,82.97000122070312,80.4000015258789,82.37000274658203,78.19700622558594,1192200
2022-10-04,83.58000183105469,84.3499984741211,82.76000213623047,83.5,79.26974487304688,1202400
2022-10-05,82.2300033569336,83.76000213623047,82.02999877929688,83.1500015258789,78.9374771118164,705600
2022-10-06,83.0,83.83000183105469,82.31999969482422,82.47000122070312,78.29193878173828,930200
2022-10-07,81.30999755859375,81.43000030517578,79.62000274658203,79.69999694824219,75.6622543334961,1078400
2022-10-10,79.9000015258789,80.20999908447266,78.55999755859375,79.58000183105469,75.54833984375,904600
2022-10-11,79.31999969482422,79.69000244140625,78.11000061035156,78.5,74.52305603027344,925800
2022-10-12,78.62999725341797,79.0,78.02999877929688,78.47000122070312,74.49458312988281,680100
2022-10-13,77.20999908447266,81.01000213623047,76.37000274658203,80.43000030517578,76.35527801513672,1185700
2022-10-14,81.20999908447266,81.63999938964844,79.33000183105469,79.44000244140625,75.41543579101562,889300
2022-10-17,80.95999908447266,82.33000183105469,80.58000183105469,81.77999877929688,77.63688659667969,1008800
2022-10-18,82.80999755859375,83.9000015258789,82.19999694824219,82.91999816894531,78.71913146972656,901100
2022-10-19,81.97000122070312,82.19999694824219,80.41999816894531,81.19999694824219,77.08625793457031,847000
2022-10-20,81.2699966430664,82.06999969482422,80.58000183105469,80.86000061035156,76.76348114013672,1203000
2022-10-21,80.58000183105469,83.04000091552734,80.04000091552734,82.7699966430664,78.57672119140625,3346100
2022-10-24,83.56999969482422,83.56999969482422,81.75,82.66000366210938,78.47230529785156,1331300
2022-10-25,82.83999633789062,84.94999694824219,82.51000213623047,84.88999938964844,80.5893325805664,1592300
2022-10-26,86.37999725341797,87.13999938964844,84.05999755859375,84.91999816894531,80.61781311035156,1712400
2022-10-27,85.33000183105469,87.0,85.1500015258789,85.94000244140625,81.58614349365234,997200
2022-10-28,85.76000213623047,88.62000274658203,85.51000213623047,88.48999786376953,84.00695037841797,976800
2022-10-31,87.75,88.43000030517578,87.37000274658203,88.04000091552734,83.57974243164062,885700
2022-11-01,89.16999816894531,89.16999816894531,87.37000274658203,87.56999969482422,83.13355255126953,795400
2022-11-02,87.08999633789062,87.86000061035156,84.51000213623047,84.52999877929688,80.24755859375,910700
2022-11-03,83.62999725341797,84.41999816894531,82.56999969482422,84.0199966430664,79.76341247558594,652700
2022-11-04,85.02999877929688,86.5999984741211,84.26000213623047,86.52999877929688,82.14624786376953,742900
2022-11-07,87.01000213623047,87.06999969482422,85.4800033569336,86.58000183105469,82.19371032714844,628200
2022-11-08,86.94000244140625,88.33000183105469,85.87000274658203,86.83000183105469,82.43104553222656,815100
2022-11-09,86.30999755859375,86.87000274658203,85.5199966430664,85.58000183105469,81.24437713623047,511900
2022-11-10,89.0999984741211,91.51000213623048,88.9000015258789,91.30999755859376,86.68407440185547,1000300
2022-11-11,91.63999938964844,94.62999725341795,91.08999633789062,93.76000213623048,89.00995635986328,928300
2022-11-14,92.9000015258789,93.18000030517578,91.2300033569336,91.27999877929688,86.65559387207031,795300
2022-11-15,92.41000366210938,92.98999786376952,91.3499984741211,92.52999877929688,87.84226989746094,747000
2022-11-16,91.58999633789062,91.83000183105467,90.0,90.3499984741211,85.77271270751953,1170200
2022-11-17,89.0,90.80999755859376,88.4000015258789,90.79000091552734,86.19042205810547,679600
2022-11-18,91.93000030517578,92.22000122070312,90.72000122070312,91.02999877929688,86.41827392578125,854000
2022-11-21,90.37000274658205,91.30999755859376,89.95999908447266,90.4499969482422,85.86764526367188,864400
2022-11-22,90.9800033569336,91.02999877929688,89.83000183105469,90.4800033569336,85.8961410522461,622700
2022-11-23,90.11000061035156,91.3000030517578,90.05999755859375,90.6500015258789,86.05751037597656,640200
2022-11-25,91.05999755859376,91.52999877929688,90.91999816894533,91.08000183105467,86.46574401855469,261900
2022-11-28,90.5,90.95999908447266,89.2300033569336,89.66999816894531,85.12715911865234,621700
2022-11-29,89.41999816894531,90.37999725341795,89.0,89.80999755859375,85.26007080078125,738900
2022-11-30,89.91999816894531,92.98999786376952,89.27999877929688,92.98999786376952,88.27896881103516,2178800
2022-12-01,93.54000091552734,94.7300033569336,93.0999984741211,94.36000061035156,89.57955932617188,1484500
2022-12-02,93.12999725341795,94.4499969482422,93.12999725341795,94.31999969482422,89.54158782958984,644200
2022-12-05,93.6999969482422,94.8000030517578,93.36000061035156,93.9000015258789,89.14286804199219,815800
2022-12-06,93.88999938964844,94.5500030517578,93.12000274658205,94.5,89.71246337890625,1490600
2022-12-07,94.20999908447266,94.88999938964844,93.68000030517578,94.33999633789062,89.5605697631836,1019600
2022-12-08,94.41999816894533,95.72000122070312,94.19000244140624,95.61000061035156,90.76622772216795,725100
2022-12-09,95.3000030517578,96.08000183105467,95.0,95.02999877929688,90.21561431884766,797900
2022-12-12,95.02999877929688,96.37000274658205,94.4800033569336,96.36000061035156,91.4782257080078,760500
2022-12-13,99.08999633789062,99.33000183105467,95.94000244140624,96.86000061035156,91.9529037475586,962300
2022-12-14,96.02999877929688,97.3499984741211,94.83999633789062,95.79000091552734,91.627685546875,876500
2022-12-15,94.6500015258789,94.66000366210938,92.54000091552734,92.72000122070312,88.69108581542969,854600
2022-12-16,91.6500015258789,92.19000244140624,90.9000015258789,91.19000244140624,87.22756958007812,1963300
2022-12-19,90.6999969482422,91.16000366210938,89.77999877929688,90.3000030517578,86.37622833251953,700100
2022-12-20,89.93000030517578,90.48999786376952,89.43000030517578,90.37000274658205,86.44319915771484,785900
2022-12-21,91.2699966430664,92.44000244140624,90.94000244140624,92.05999755859376,88.05975341796875,713200
2022-12-22,91.4000015258789,91.6500015258789,89.25,91.0199966430664,87.06494903564453,688000
2022-12-23,90.98999786376952,91.43000030517578,90.01000213623047,91.26000213623048,87.29452514648438,477100
2022-12-27,90.72000122070312,92.0199966430664,90.4000015258789,91.77999877929688,87.79193878173828,479500
2022-12-28,91.73999786376952,92.36000061035156,90.12000274658205,90.25,86.32841491699219,543000
2022-12-29,91.13999938964844,93.08000183105467,90.83000183105467,92.83999633789062,88.80587005615234,501500
2022-12-30,91.76000213623048,92.61000061035156,91.33999633789062,92.29000091552734,88.27976989746094,752800
2023-01-03,93.0,94.12000274658205,92.5,93.56999969482422,89.50414276123047,976200
2023-01-04,94.66999816894533,96.4800033569336,94.22000122070312,95.54000091552734,91.38854217529295,930500
2023-01-05,94.88999938964844,95.9800033569336,94.13999938964844,95.31999969482422,91.17811584472656,829900
2023-01-06,96.36000061035156,98.81999969482422,95.88999938964844,98.12999725341795,93.8660125732422,819400
2023-01-09,99.18000030517578,100.4800033569336,98.05999755859376,98.2300033569336,93.96165466308594,1133300
2023-01-10,98.05999755859376,99.25,97.79000091552734,98.91999816894533,94.6216812133789,776300
2023-01-11,99.37999725341795,100.18000030517578,99.16999816894533,99.93000030517578,95.5877914428711,747500
2023-01-12,100.0,100.0,97.87000274658205,98.1500015258789,93.88513946533205,994900
2023-01-13,97.04000091552734,98.51000213623048,96.88999938964844,98.20999908447266,93.94253540039062,1143900
2023-01-17,97.95999908447266,98.9499969482422,97.6999969482422,97.77999877929688,93.5312042236328,1069400
2023-01-18,98.20999908447266,99.08999633789062,96.5500030517578,96.62999725341795,92.4311752319336,1014000
2023-01-19,95.68000030517578,96.30999755859376,94.70999908447266,95.33999633789062,91.1972198486328,1225500
2023-01-20,95.69000244140624,96.88999938964844,94.79000091552734,96.8499984741211,92.6416244506836,5530700
2023-01-23,96.83999633789062,98.80999755859376,96.2300033569336,98.51000213623048,94.22949981689452,1075500
2023-01-24,98.23999786376952,98.52999877929688,96.8000030517578,98.16000366210938,93.89469909667967,1129200
2023-01-25,97.20999908447266,98.9499969482422,96.62999725341795,98.62000274658205,94.33470916748048,763400
2023-01-26,99.16000366210938,99.5,97.7699966430664,98.30999755859376,94.03816223144533,546800
2023-01-27,98.2699966430664,99.1500015258789,97.8499984741211,98.69000244140624,94.40167236328124,753600
2023-01-30,97.83999633789062,98.91999816894533,97.27999877929688,97.36000061035156,93.12946319580078,583600
2023-01-31,97.44000244140624,98.87999725341795,96.9800033569336,98.87999725341795,94.58341979980467,650800
2023-02-01,98.83000183105467,101.45999908447266,98.55999755859376,101.11000061035156,96.71652221679688,910000
2023-02-02,102.37999725341795,104.36000061035156,102.11000061035156,102.9800033569336,98.50525665283205,1352800
2023-02-03,101.93000030517578,102.41999816894533,100.95999908447266,101.54000091552734,97.1278305053711,702100
2023-02-06,100.23999786376952,100.73999786376952,98.1999969482422,98.45999908447266,94.1816635131836,767700
2023-02-07,97.87999725341795,99.0199966430664,96.9499969482422,98.75,94.45906829833984,864300
2023-02-08,97.94000244140624,98.25,96.63999938964844,96.98999786376952,92.7755355834961,660000
2023-02-09,98.75,98.75,95.83999633789062,96.23999786376952,92.05812072753906,1049300
2023-02-10,95.75,96.1999969482422,95.5,95.91000366210938,91.74246978759766,730500
2023-02-13,95.9499969482422,97.76000213623048,95.6999969482422,97.75,93.50251770019533,688800
2023-02-14,97.25,97.95999908447266,96.4000015258789,97.30999755859376,93.08163452148438,575100
2023-02-15,96.45999908447266,98.37999725341795,96.25,98.18000030517578,93.91382598876952,744300
2023-02-16,96.83000183105467,98.0999984741211,96.3000030517578,97.1500015258789,92.92858123779295,566700
2023-02-17,96.5999984741211,97.30999755859376,95.79000091552734,97.01000213623048,92.794677734375,1213200
2023-02-21,95.9000015258789,96.01000213623048,93.22000122070312,93.95999908447266,89.87720489501953,1618200
2023-02-22,96.88999938964844,98.22000122070312,94.61000061035156,97.8000030517578,93.55034637451172,1619500
2023-02-23,98.87999725341795,100.9499969482422,98.7300033569336,100.9000015258789,96.51564025878906,1403800
2023-02-24,99.56999969482422,99.62999725341795,97.63999938964844,98.3000030517578,94.02861785888672,1390800
2023-02-27,99.26000213623048,99.5500030517578,97.88999938964844,98.37999725341795,94.10514068603516,955600
2023-02-28,97.79000091552734,98.79000091552734,97.79000091552734,98.12999725341795,93.8660125732422,950500
2023-03-01,97.7699966430664,98.48999786376952,96.4499969482422,96.75,92.54597473144533,812400
2023-03-02,96.1500015258789,98.36000061035156,96.0,98.16999816894533,93.90426635742188,1258000
2023-03-03,98.83999633789062,99.36000061035156,98.37999725341795,99.26000213623048,94.9468994140625,933300
2023-03-06,99.83000183105467,100.45999908447266,98.16999816894533,98.4000015258789,94.12427520751952,762800
2023-03-07,98.5,99.1500015258789,97.97000122070312,98.27999877929688,94.00949096679688,922600
2023-03-08,98.1500015258789,98.58000183105467,97.70999908447266,98.12999725341795,93.8660125732422,907200
2023-03-09,98.08999633789062,99.12999725341795,96.70999908447266,96.77999877929688,92.5746612548828,1268800
2023-03-10,96.91000366210938,96.91000366210938,94.4499969482422,95.04000091552734,90.91026306152344,725300
2023-03-13,93.86000061035156,96.8000030517578,93.5199966430664,95.93000030517578,91.7615966796875,1210600
2023-03-14,96.9499969482422,97.16999816894533,95.41000366210938,97.02999877929688,93.52550506591795,808700
2023-03-15,95.7699966430664,96.6500015258789,94.5,95.88999938964844,92.42667388916016,776000
2023-03-16,95.33000183105467,97.79000091552734,95.08999633789062,97.30999755859376,93.7953872680664,868100
2023-03-17,97.8000030517578,97.8000030517578,95.5500030517578,96.0199966430664,92.5519790649414,1551500
2023-03-20,96.29000091552734,97.69000244140624,96.29000091552734,96.81999969482422,93.32308959960938,557000
2023-03-21,97.62000274658205,98.12000274658205,96.58000183105467,97.36000061035156,93.84358215332033,413100
2023-03-22,96.9000015258789,97.7699966430664,95.2699966430664,95.3000030517578,91.85799407958984,649100
2023-03-23,96.3499984741211,96.83999633789062,94.45999908447266,95.08999633789062,91.65557098388672,750000
2023-03-24,94.79000091552734,96.08999633789062,94.33000183105467,95.91999816894533,92.4555892944336,659800
2023-03-27,96.44000244140624,97.05999755859376,96.0199966430664,96.4000015258789,92.9182586669922,999500
2023-03-28,96.44000244140624,96.91999816894533,96.2300033569336,96.73999786376952,93.24597930908205,603900
2023-03-29,97.91999816894533,98.5,97.45999908447266,98.4499969482422,94.89421844482422,617100
2023-03-30,99.26000213623048,99.31999969482422,98.5199966430664,98.81999969482422,95.25086212158205,549800
2023-03-31,99.48999786376952,101.29000091552734,99.38999938964844,100.91999816894533,97.2750015258789,912300
2023-04-03,100.87999725341795,101.41000366210938,100.25,100.72000122070312,97.0822296142578,992400
2023-04-04,100.48999786376952,100.86000061035156,99.5999984741211,100.08000183105467,96.46533966064452,646100
2023-04-05,99.75,99.8499984741211,97.87000274658205,98.1999969482422,94.65323638916016,642400
2023-04-06,97.97000122070312,98.45999908447266,97.45999908447266,98.0500030517578,94.50865936279295,562300
2023-04-10,97.52999877929688,98.2699966430664,97.1500015258789,98.26000213623048,94.71109008789062,671800
2023-04-11,98.81999969482422,99.31999969482422,98.30999755859376,98.58999633789062,95.02916717529295,744900
2023-04-12,99.56999969482422,99.83000183105467,98.0199966430664,98.27999877929688,94.73035430908205,785200
2023-04-13,98.91000366210938,99.69000244140624,98.76000213623048,99.4499969482422,95.85810089111328,898000
2023-04-14,99.3499984741211,100.62999725341795,98.4800033569336,98.86000061035156,95.2894058227539,656800
2023-04-17,99.19000244140624,99.58999633789062,98.41000366210938,99.52999877929688,95.93519592285156,928000
2023-04-18,100.08000183105467,100.37000274658205,98.87000274658205,99.44000244140624,95.84846496582033,825600
2023-04-19,98.97000122070312,99.0500030517578,98.01000213623048,98.1500015258789,94.60506439208984,648400
2023-04-20,97.6999969482422,98.37999725341795,97.66999816894533,98.19000244140624,94.64361572265624,740700
2023-04-21,98.58000183105467,98.6999969482422,97.45999908447266,97.7300033569336,94.20022583007812,891700
2023-04-24,97.93000030517578,98.11000061035156,97.02999877929688,97.6999969482422,94.17131042480467,514300
2023-04-25,97.13999938964844,97.69000244140624,95.95999908447266,96.08000183105467,92.60983276367188,582800
2023-04-26,95.88999938964844,96.0999984741211,94.88999938964844,95.1999969482422,91.7615966796875,606900
2023-04-27,95.76000213623048,97.12999725341795,95.4000015258789,96.94000244140624,93.43875885009766,748700
2023-04-28,96.81999969482422,98.2300033569336,96.79000091552734,98.16999816894533,94.62432861328124,585700
2023-05-01,98.0,99.12000274658205,98.0,98.31999969482422,94.76891326904295,915200
2023-05-02,97.93000030517578,98.08000183105467,95.79000091552734,97.16999816894533,93.66043853759766,1028400
2023-05-03,96.04000091552734,100.70999908447266,96.04000091552734,100.08000183105467,96.46533966064452,1532300
2023-05-04,100.23999786376952,102.5,99.55999755859376,101.58000183105467,97.91117095947266,1001800
2023-05-05,102.55999755859376,104.23999786376952,102.33000183105467,103.77999877929688,100.03170776367188,888500
2023-05-08,103.9499969482422,104.0,103.08000183105467,103.55999755859376,99.81964874267578,512400
2023-05-09,102.9499969482422,104.5199966430664,102.8499984741211,103.95999908447266,100.20521545410156,594400
2023-05-10,105.0,105.0,102.41999816894533,103.83000183105467,100.07990264892578,673100
2023-05-11,103.87999725341795,103.87999725341795,102.23999786376952,103.55999755859376,99.81964874267578,688600
2023-05-12,103.9800033569336,104.4000015258789,103.04000091552734,103.7699966430664,100.0220718383789,440700
2023-05-15,103.77999877929688,104.5999984741211,103.5999984741211,103.81999969482422,100.0702667236328,582800
2023-05-16,103.01000213623048,103.43000030517578,102.12999725341795,102.68000030517578,98.97144317626952,674100
2023-05-17,103.11000061035156,103.2300033569336,102.33999633789062,102.9499969482422,99.23168182373048,620800
2023-05-18,103.0,104.4000015258789,102.70999908447266,104.26000213623048,100.49437713623048,563800
2023-05-19,104.3000030517578,104.83000183105467,103.76000213623048,104.0,100.24376678466795,505000
2023-05-22,103.9000015258789,105.6500015258789,103.9000015258789,104.81999969482422,101.03414154052734,599200
2023-05-23,104.02999877929688,105.45999908447266,103.79000091552734,104.0500030517578,100.29196166992188,736700
2023-05-24,103.44000244140624,103.6500015258789,102.54000091552734,102.70999908447266,99.00035095214844,730000
2023-05-25,103.1999969482422,104.05999755859376,103.0,103.63999938964844,99.89676666259766,507900
2023-05-26,103.93000030517578,104.63999938964844,103.63999938964844,103.83000183105467,100.07990264892578,689600
2023-05-30,104.44000244140624,105.66999816894533,104.30999755859376,105.5,101.6895980834961,924800
2023-05-31,105.13999938964844,106.05999755859376,103.0199966430664,103.1500015258789,99.4244613647461,1969000
2023-06-01,103.19000244140624,104.06999969482422,102.36000061035156,103.87000274658205,100.11846160888672,784800
2023-06-02,105.22000122070312,107.2699966430664,105.0199966430664,106.47000122070312,102.6245574951172,906600
2023-06-05,106.1999969482422,106.4499969482422,105.0,105.52999877929688,101.718505859375,539800
2023-06-06,105.97000122070312,106.47000122070312,105.33999633789062,105.43000030517578,101.6221160888672,548100
2023-06-07,105.18000030517578,106.31999969482422,104.76000213623048,105.94000244140624,102.11370086669922,680000
2023-06-08,105.68000030517578,105.7699966430664,104.86000061035156,105.63999938964844,101.82453155517578,651000
2023-06-09,105.83999633789062,105.9800033569336,104.68000030517578,105.33999633789062,101.53536224365234,393900
2023-06-12,105.11000061035156,106.55999755859376,104.83999633789062,106.36000061035156,102.5185317993164,704600
2023-06-13,106.41999816894533,107.6500015258789,105.9000015258789,107.56999969482422,103.68482208251952,647900
2023-06-14,107.73999786376952,108.06999969482422,105.68000030517578,106.5500030517578,102.70167541503906,685800
2023-06-15,105.86000061035156,106.97000122070312,105.61000061035156,106.1500015258789,102.31610870361328,797100
2023-06-16,106.27999877929688,106.56999969482422,105.58999633789062,106.0,102.87903594970705,1381400
2023-06-20,105.18000030517578,105.7699966430664,104.5999984741211,105.41999816894533,102.3161163330078,565200
2023-06-21,104.77999877929688,105.19000244140624,104.0199966430664,104.58999633789062,101.5105438232422,744500
2023-06-22,104.58999633789062,104.5999984741211,103.16000366210938,103.4000015258789,100.3555908203125,511100
2023-06-23,102.23999786376952,102.66000366210938,100.94000244140624,101.55999755859376,98.56976318359376,1103600
2023-06-26,101.56999969482422,102.6999969482422,101.56999969482422,102.4800033569336,99.46267700195312,540000
2023-06-27,102.37000274658205,103.66000366210938,102.2300033569336,103.5,100.45265197753906,492100
2023-06-28,103.05999755859376,103.45999908447266,102.0,102.37999725341795,99.36561584472656,619800
2023-06-29,102.0,103.94000244140624,101.7300033569336,103.5999984741211,100.54969024658205,767900
2023-06-30,103.76000213623048,104.66999816894533,103.5500030517578,104.29000091552734,101.2193832397461,909100
2023-07-03,104.3000030517578,104.37999725341795,103.62999725341795,103.75,100.6952896118164,431400
2023-07-05,103.18000030517578,105.3499984741211,102.6500015258789,105.25,102.15111541748048,1217100
2023-07-06,104.2300033569336,107.66999816894533,104.01000213623048,107.41000366210938,104.24752044677734,1320100
2023-07-07,107.4000015258789,107.88999938964844,104.68000030517578,105.02999877929688,101.93759155273438,1342400
2023-07-10,105.45999908447266,107.27999877929688,105.20999908447266,106.08999633789062,102.96639251708984,985100
2023-07-11,106.5,107.19000244140624,105.8499984741211,107.11000061035156,103.9563446044922,990400
2023-07-12,108.02999877929688,108.2300033569336,106.48999786376952,106.68000030517578,103.53902435302734,854700
2023-07-13,106.83000183105467,107.80999755859376,106.76000213623048,107.58000183105467,104.41251373291016,709200
2023-07-14,107.33000183105467,107.33000183105467,105.08000183105467,106.69000244140624,103.54872131347656,614000
2023-07-17,106.2300033569336,106.8499984741211,105.81999969482422,106.4000015258789,103.26725769042967,492900
2023-07-18,106.63999938964844,107.91999816894533,106.3000030517578,107.4499969482422,104.28634643554688,743800
2023-07-19,107.27999877929688,107.70999908447266,106.4499969482422,107.68000030517578,104.5095672607422,662900
2023-07-20,107.13999938964844,107.83999633789062,106.19000244140624,106.62000274658205,103.48078155517578,988000
2023-07-21,107.22000122070312,107.5199966430664,105.87999725341795,105.97000122070312,102.84991455078124,1006900
2023-07-24,105.7699966430664,106.87000274658205,105.6500015258789,105.87000274658205,102.75286102294922,572700
2023-07-25,105.76000213623048,106.66000366210938,105.6999969482422,106.48999786376952,103.35460662841795,605300
2023-07-26,106.33999633789062,106.54000091552734,105.20999908447266,105.62000274658205,102.51022338867188,753700
2023-07-27,106.26000213623048,106.26000213623048,105.0999984741211,105.18000030517578,102.08318328857422,728700
2023-07-28,105.91000366210938,105.94000244140624,104.6500015258789,104.69000244140624,101.60760498046876,1017400
2023-07-31,105.0,105.94000244140624,104.44000244140624,105.88999938964844,102.77227020263672,980500
2023-08-01,105.45999908447266,106.54000091552734,105.2699966430664,106.3499984741211,103.21871948242188,1434600
2023-08-02,105.52999877929688,108.4800033569336,103.8499984741211,107.7300033569336,104.55810546875,1625700
2023-08-03,106.97000122070312,108.55999755859376,106.27999877929688,106.31999969482422,103.18961334228516,1181300
2023-08-04,106.18000030517578,107.62000274658205,105.68000030517578,106.12999725341795,103.00520324707033,636400
2023-08-07,106.6999969482422,106.80999755859376,105.91000366210938,106.12000274658205,102.9955062866211,595300
2023-08-08,106.01000213623048,106.38999938964844,104.5199966430664,104.91999816894533,101.8308334350586,760500
2023-08-09,104.76000213623048,105.13999938964844,103.63999938964844,104.4800033569336,101.40380096435548,545300
2023-08-10,104.86000061035156,105.30999755859376,103.26000213623048,103.79000091552734,100.7341079711914,537700
2023-08-11,103.37999725341795,103.77999877929688,102.9499969482422,103.51000213623048,100.46234130859376,479800
2023-08-14,103.12000274658205,104.2300033569336,103.12000274658205,104.0199966430664,100.9573211669922,529000
2023-08-15,103.4000015258789,103.54000091552734,102.37000274658205,102.9800033569336,99.94795989990234,529500
2023-08-16,102.86000061035156,103.62999725341795,102.3000030517578,102.31999969482422,99.30738830566406,416900
2023-08-17,102.5,103.23999786376952,101.43000030517578,101.79000091552734,98.7929916381836,541700
2023-08-18,101.01000213623048,101.9000015258789,100.70999908447266,101.5500030517578,98.56005859375,547200
2023-08-21,101.62000274658205,102.11000061035156,101.29000091552734,101.6999969482422,98.70563507080078,452200
2023-08-22,101.9000015258789,103.13999938964844,101.5999984741211,102.69000244140624,99.66648864746094,541900
2023-08-23,103.02999877929688,104.31999969482422,102.87000274658205,103.36000061035156,100.31676483154295,711500
2023-08-24,103.3000030517578,104.04000091552734,102.30999755859376,102.31999969482422,99.30738830566406,468400
2023-08-25,102.58000183105467,103.83000183105467,102.19000244140624,103.3499984741211,100.30706024169922,455400
2023-08-28,103.62999725341795,105.06999969482422,103.62999725341795,104.68000030517578,101.597900390625,493300
2023-08-29,104.61000061035156,105.66000366210938,104.36000061035156,105.5,102.3937530517578,592800
2023-08-30,105.33999633789062,106.95999908447266,105.23999786376952,105.8499984741211,102.73345184326172,581100
2023-08-31,106.0,106.95999908447266,105.8499984741211,106.0199966430664,102.89844512939452,1026700
2023-09-01,106.80999755859376,106.80999755859376,105.1500015258789,106.04000091552734,102.91785430908205,754500
2023-09-05,105.70999908447266,105.91000366210938,104.5199966430664,104.91999816894533,101.8308334350586,651700
2023-09-06,104.66000366210938,105.1500015258789,103.36000061035156,103.66000366210938,100.60794067382812,858200
2023-09-07,102.93000030517578,103.3000030517578,101.80999755859376,102.7300033569336,99.70530700683594,914800
2023-09-08,102.95999908447266,103.5,102.56999969482422,102.7699966430664,99.74413299560548,637900
2023-09-11,102.97000122070312,105.58999633789062,102.8000030517578,105.55999755859376,102.45198822021484,958800
2023-09-12,105.06999969482422,105.80999755859376,104.6500015258789,105.62999725341795,102.5199203491211,573600
2023-09-13,105.7699966430664,106.62999725341795,105.23999786376952,106.4800033569336,103.34490203857422,821600
2023-09-14,106.44000244140624,106.81999969482422,105.69000244140624,106.56999969482422,104.14625549316406,611800
2023-09-15,106.13999938964844,106.86000061035156,105.8000030517578,106.12000274658205,103.70648956298828,1226500
2023-09-18,106.37999725341795,107.5,106.12000274658205,107.0500030517578,104.6153335571289,795600
2023-09-19,106.76000213623048,107.27999877929688,105.4499969482422,106.43000030517578,104.00943756103516,630800
2023-09-20,106.69000244140624,108.0,106.62000274658205,106.77999877929688,104.35147094726562,539000
2023-09-21,106.5999984741211,106.5999984741211,105.04000091552734,105.04000091552734,102.65104675292967,814000
2023-09-22,105.27999877929688,106.62999725341795,105.08999633789062,105.30999755859376,102.91490936279295,423800
2023-09-25,105.0500030517578,105.63999938964844,104.8499984741211,105.4000015258789,103.00286102294922,617000
2023-09-26,104.95999908447266,104.97000122070312,103.18000030517578,103.2300033569336,100.88221740722656,665000
2023-09-27,103.8499984741211,103.9000015258789,102.6500015258789,103.2300033569336,100.88221740722656,525100
2023-09-28,103.25,105.37999725341795,103.18000030517578,105.1500015258789,102.758544921875,626500
2023-09-29,106.31999969482422,106.4000015258789,104.8000030517578,105.1999969482422,102.80740356445312,616700
2023-10-02,104.6500015258789,105.08999633789062,103.2300033569336,103.51000213623048,101.15584564208984,842800
2023-10-03,103.20999908447266,104.01000213623048,103.08000183105467,103.51000213623048,101.15584564208984,458900
2023-10-04,103.72000122070312,104.44000244140624,102.87000274658205,104.0999984741211,101.732421875,678600
2023-10-05,103.9800033569336,104.87000274658205,103.3499984741211,104.58999633789062,102.2112808227539,593000
2023-10-06,104.13999938964844,106.47000122070312,103.58000183105467,106.12999725341795,103.7162628173828,653700
2023-10-09,105.83000183105467,107.3499984741211,105.41000366210938,107.16999816894533,104.73260498046876,483600
2023-10-10,107.97000122070312,109.62000274658205,107.6500015258789,107.80999755859376,105.35804748535156,935100
2023-10-11,108.08000183105467,108.88999938964844,107.94000244140624,108.7300033569336,106.25713348388672,473200
2023-10-12,108.87000274658205,109.2300033569336,107.0999984741211,107.58999633789062,105.1430435180664,511700
2023-10-13,107.38999938964844,107.86000061035156,106.68000030517578,106.98999786376952,104.55670166015624,541000
2023-10-16,107.77999877929688,108.29000091552734,107.37999725341795,107.8499984741211,105.39713287353516,551800
2023-10-17,106.95999908447266,107.9800033569336,105.93000030517578,106.83000183105467,104.40033721923828,564400
2023-10-18,105.95999908447266,106.16000366210938,105.0199966430664,105.05999755859376,102.67059326171876,521200
2023-10-19,105.0,105.76000213623048,104.18000030517578,104.33000183105467,101.95719909667967,500000
2023-10-20,104.62999725341795,104.62999725341795,102.6999969482422,103.27999877929688,100.93106842041016,595400
2023-10-23,102.9499969482422,103.1500015258789,101.91000366210938,101.9800033569336,99.66064453125,647000
2023-10-24,102.37999725341795,102.87000274658205,101.61000061035156,102.33999633789062,100.012451171875,704500
2023-10-25,101.91999816894533,102.37000274658205,101.27999877929688,101.73999786376952,99.42610168457033,632800
2023-10-26,101.72000122070312,102.33000183105467,100.80999755859376,100.86000061035156,98.5661163330078,776800
2023-10-27,100.68000030517578,101.25,99.61000061035156,99.70999908447266,97.44226837158205,603600
2023-10-30,100.4499969482422,101.68000030517578,99.98999786376952,101.27999877929688,98.9765625,856700
2023-10-31,101.48999786376952,102.80999755859376,101.48999786376952,102.52999877929688,100.19813537597656,833400
2023-11-01,106.68000030517578,115.31999969482422,106.5,113.52999877929688,110.94795989990234,2697400
2023-11-02,114.45999908447266,114.79000091552734,112.01000213623048,114.4499969482422,111.84703826904295,1163700
2023-11-03,114.98999786376952,116.45999908447266,114.93000030517578,115.61000061035156,112.98065185546876,750500
2023-11-06,115.5,116.3499984741211,115.3499984741211,116.29000091552734,113.64519500732422,613000
2023-11-07,116.29000091552734,116.4499969482422,114.48999786376952,114.6999969482422,112.09134674072266,833200
2023-11-08,115.08999633789062,116.37999725341795,114.76000213623048,116.08000183105467,113.4399642944336,789200
2023-11-09,116.38999938964844,116.38999938964844,115.33999633789062,115.36000061035156,112.736328125,482100
2023-11-10,116.0,116.63999938964844,115.52999877929688,116.62000274658205,113.96768188476562,458300
2023-11-13,116.4499969482422,116.87999725341795,116.01000213623048,116.4800033569336,113.83087158203124,563000
2023-11-14,117.3000030517578,119.58000183105467,117.3000030517578,118.93000030517578,116.2251434326172,662200
2023-11-15,118.93000030517578,120.25,118.81999969482422,118.83999633789062,116.13719177246094,589900
2023-11-16,118.51000213623048,119.47000122070312,118.51000213623048,119.12999725341795,116.42059326171876,506900
2023-11-17,119.66999816894533,119.86000061035156,119.19000244140624,119.51000213623048,116.79195404052734,1453100
2023-11-20,119.26000213623048,120.4000015258789,118.79000091552734,120.06999969482422,117.33921813964844,449000
2023-11-21,119.91000366210938,120.5199966430664,119.2699966430664,119.31999969482422,116.60626983642578,1065900
2023-11-22,120.0199966430664,120.87000274658205,119.75,120.37000274658205,117.63239288330078,499200
2023-11-24,120.27999877929688,121.2699966430664,120.27999877929688,121.02999877929688,118.27738189697266,254400
2023-11-27,121.02999877929688,121.93000030517578,120.7699966430664,121.47000122070312,118.7073745727539,659700
2023-11-28,121.58000183105467,122.2699966430664,121.08999633789062,121.38999938964844,118.6291961669922,823200
2023-11-29,121.6500015258789,122.19000244140624,120.95999908447266,121.0,118.24806213378906,559900
2023-11-30,121.13999938964844,122.5,120.97000122070312,122.23999786376952,119.4598617553711,1653500
2023-12-01,122.04000091552734,123.72000122070312,121.6999969482422,123.63999938964844,120.8280258178711,575000
2023-12-04,122.97000122070312,124.52999877929688,122.33999633789062,124.18000030517578,121.35574340820312,1106200
2023-12-05,123.7699966430664,124.62999725341795,123.25,124.18000030517578,121.35574340820312,720600
2023-12-06,124.66000366210938,125.98999786376952,124.0999984741211,125.08000183105467,122.23528289794922,932600
2023-12-07,125.05999755859376,125.4000015258789,123.9800033569336,124.38999938964844,121.56096649169922,630300
2023-12-08,124.47000122070312,124.91999816894533,124.13999938964844,124.58999633789062,121.75640106201172,644600
2023-12-11,124.41999816894533,125.69000244140624,124.08000183105467,125.1999969482422,122.35253143310548,616400
2023-12-12,125.13999938964844,125.9000015258789,124.69000244140624,125.52999877929688,122.67504119873048,610600
2023-12-13,125.87999725341795,126.98999786376952,124.7300033569336,126.88999938964844,124.00411224365234,962000
2023-12-14,126.83000183105467,126.83000183105467,124.97000122070312,125.5999984741211,123.45368194580078,960600
2023-12-15,125.5999984741211,126.63999938964844,125.1500015258789,126.12999725341795,123.97461700439452,3125400
2023-12-18,125.4499969482422,126.51000213623048,125.05999755859376,126.45999908447266,124.29898834228516,582300
2023-12-19,126.47000122070312,127.41999816894533,126.47000122070312,127.04000091552734,124.86907196044922,659000
2023-12-20,126.75,128.1199951171875,126.01000213623048,126.0500030517578,123.89599609375,623500
2023-12-21,126.9800033569336,127.4499969482422,126.47000122070312,127.41999816894533,125.24258422851562,486200
2023-12-22,127.4000015258789,128.8000030517578,127.38999938964844,128.05999755859375,125.87164306640624,730100
2023-12-26,127.8499984741211,129.05999755859375,127.7699966430664,128.91000366210938,126.70712280273438,488000
2023-12-27,129.0,129.32000732421875,128.33999633789062,128.6699981689453,126.47122192382812,443300
2023-12-28,128.5399932861328,129.05999755859375,128.25,128.75999450683594,126.5596694946289,440100
2023-12-29,128.39999389648438,128.9499969482422,128.0800018310547,128.5399932861328,126.34342956542967,622300
2024-01-02,127.5500030517578,128.60000610351562,126.02999877929688,126.55999755859376,124.39727783203124,1023300
2024-01-03,125.5500030517578,125.98999786376952,123.94000244140624,124.1500015258789,122.02845764160156,728100
2024-01-04,123.94000244140624,124.6999969482422,123.75,123.80999755859376,121.69425964355467,660900
2024-01-05,123.77999877929688,124.36000061035156,122.63999938964844,122.8499984741211,120.75067901611328,864600
2024-01-08,122.05999755859376,123.19000244140624,121.72000122070312,123.0199966430664,120.91776275634766,795200
2024-01-09,122.1999969482422,122.5199966430664,121.31999969482422,121.87999725341795,119.79724884033205,934700
2024-01-10,122.66999816894533,123.45999908447266,122.3499984741211,123.25,121.14383697509766,567200
2024-01-11,123.25,123.5500030517578,121.9800033569336,123.18000030517578,121.07504272460938,621400
2024-01-12,124.1999969482422,124.29000091552734,123.37000274658205,123.8499984741211,121.73358154296876,521000
2024-01-16,123.1999969482422,123.76000213623048,122.51000213623048,123.58999633789062,121.47801971435548,703600
2024-01-17,122.9800033569336,123.63999938964844,122.73999786376952,123.37000274658205,121.26178741455078,699200
2024-01-18,124.08000183105467,124.58000183105467,123.13999938964844,124.27999877929688,122.15623474121094,612800
2024-01-19,124.7300033569336,126.0199966430664,124.5,125.4800033569336,123.33573150634766,1334300
2024-01-22,126.0500030517578,127.36000061035156,126.0500030517578,126.70999908447266,124.54471588134766,658900
2024-01-23,126.45999908447266,127.25,125.88999938964844,127.0500030517578,124.87890625,745200
2024-01-24,127.7300033569336,127.7300033569336,125.0199966430664,125.11000061035156,122.97205352783205,632500
2024-01-25,124.8000030517578,125.51000213623048,124.1500015258789,125.04000091552734,122.90325164794922,675200
2024-01-26,125.38999938964844,125.75,124.37999725341795,124.73999786376952,122.60838317871094,488100
2024-01-29,124.37999725341795,125.20999908447266,123.7300033569336,125.19000244140624,123.0506820678711,459400
2024-01-30,123.9800033569336,124.04000091552734,121.73999786376952,121.86000061035156,119.77759552001952,1038900
2024-01-31,121.86000061035156,121.86000061035156,119.3000030517578,119.48999786376952,117.44808959960938,935900
2024-02-01,120.04000091552734,121.02999877929688,119.1500015258789,121.01000213623048,118.9421157836914,708400
2024-02-02,119.97000122070312,120.94000244140624,119.2699966430664,120.41000366210938,118.35236358642578,722000
2024-02-05,119.5199966430664,120.80999755859376,119.30999755859376,119.87999725341795,117.83142852783205,734400
2024-02-06,120.18000030517578,121.93000030517578,120.05999755859376,121.80999755859376,119.72843933105467,570100
2024-02-07,121.80999755859376,122.22000122070312,121.0,121.7300033569336,119.64981842041016,708100
2024-02-08,122.04000091552734,122.45999908447266,120.86000061035156,122.31999969482422,120.22972106933594,596200
2024-02-09,122.2699966430664,123.6999969482422,121.9000015258789,123.2699966430664,121.16349792480467,599500
2024-02-12,123.2699966430664,123.93000030517578,122.95999908447266,123.62000274658205,121.5075225830078,714000
2024-02-13,121.88999938964844,121.88999938964844,120.05999755859376,121.12000274658205,119.05023193359376,538800
2024-02-14,121.77999877929688,122.88999938964844,120.7300033569336,122.83000183105467,120.73101806640624,723700
2024-02-15,122.97000122070312,124.04000091552734,122.88999938964844,123.95999908447266,121.84171295166016,644700
2024-02-16,123.62999725341795,123.77999877929688,122.0999984741211,122.1999969482422,120.11177825927734,1602400
2024-02-20,121.61000061035156,123.45999908447266,121.1999969482422,122.75,120.65238189697266,1233300
2024-02-21,129.99000549316406,137.8699951171875,128.88999938964844,133.5800018310547,131.2973175048828,2561000
2024-02-22,134.77000427246094,134.77000427246094,131.1999969482422,133.94000244140625,131.6511688232422,2101500
2024-02-23,134.63999938964844,135.72000122070312,133.61000061035156,135.50999450683594,133.1943359375,1236800
2024-02-26,134.94000244140625,135.49000549316406,133.16000366210938,135.22000122070312,132.90927124023438,1352300
2024-02-27,134.99000549316406,135.33999633789062,134.00999450683594,134.69000244140625,132.3883514404297,936400
2024-02-28,134.11000061035156,139.49000549316406,134.11000061035156,137.3000030517578,134.95375061035156,1809500
2024-02-29,137.39999389648438,138.05999755859375,136.25,137.35000610351562,135.0028839111328,1627500
2024-03-01,137.0,138.38999938964844,136.7899932861328,137.42999267578125,135.08151245117188,927600
2024-03-04,137.05999755859375,140.4600067138672,137.0,139.6699981689453,137.28323364257812,1281500
2024-03-05,139.52999877929688,140.22999572753906,138.3000030517578,140.08999633789062,137.69607543945312,1149200
2024-03-06,140.63999938964844,141.77999877929688,139.52999877929688,139.9499969482422,137.55845642089844,999900
2024-03-07,140.5,141.64999389648438,139.77000427246094,141.42999267578125,139.01315307617188,917900
2024-03-08,141.47000122070312,142.72999572753906,141.05999755859375,141.94000244140625,139.5144500732422,832100
2024-03-11,141.6300048828125,146.6699981689453,141.60000610351562,145.99000549316406,143.4952392578125,2714400
2024-03-12,146.0800018310547,148.88999938964844,145.32000732421875,148.4499969482422,145.9132080078125,1625600
2024-03-13,149.0,149.4199981689453,148.08999633789062,148.35000610351562,145.81492614746094,925500
2024-03-14,148.02999877929688,148.8800048828125,146.4499969482422,147.02999877929688,145.2321319580078,985700
2024-03-15,145.80999755859375,147.2899932861328,145.32000732421875,145.75,143.9677734375,3466200
2024-03-18,146.1999969482422,146.8699951171875,145.80999755859375,146.00999450683594,144.22459411621094,586100
2024-03-19,146.3000030517578,146.75999450683594,145.44000244140625,146.47999572753906,144.6888427734375,747500
2024-03-20,146.32000732421875,146.88999938964844,145.4499969482422,146.67999267578125,144.88641357421875,746700
2024-03-21,146.75,148.5,146.52000427246094,148.13999938964844,146.3285369873047,628400
2024-03-22,147.8699951171875,148.25999450683594,146.91000366210938,147.2899932861328,145.4889373779297,977300
2024-03-25,146.9499969482422,147.85000610351562,146.4499969482422,146.67999267578125,144.88641357421875,520700
2024-03-26,146.52000427246094,147.7899932861328,146.52000427246094,147.39999389648438,145.5976104736328,676000
2024-03-27,147.9600067138672,148.17999267578125,146.91000366210938,147.97999572753906,146.17050170898438,709500
2024-03-28,148.44000244140625,149.5399932861328,148.0500030517578,148.8699951171875,147.04962158203125,859600
2024-04-01,148.52999877929688,148.91000366210938,147.22999572753906,147.36000061035156,145.55809020996094,625700
2024-04-02,147.16000366210938,147.16000366210938,145.1999969482422,145.74000549316406,143.95791625976562,737600
2024-04-03,145.97000122070312,146.6300048828125,145.82000732421875,146.0399932861328,144.2542266845703,549500
2024-04-04,147.00999450683594,147.3300018310547,144.83999633789062,144.89999389648438,143.128173828125,552800
2024-04-05,145.38999938964844,147.7100067138672,145.22000122070312,147.52999877929688,145.72601318359375,603400
2024-04-08,147.91000366210938,149.4199981689453,147.82000732421875,149.0,147.17803955078125,818600
2024-04-09,149.2899932861328,149.5,147.5800018310547,148.3800048828125,146.5656280517578,537200
2024-04-10,146.8300018310547,147.22000122070312,145.38999938964844,145.9600067138672,144.17523193359375,637300
2024-04-11,146.4600067138672,146.99000549316406,145.80999755859375,146.0800018310547,144.29373168945312,509800
2024-04-12,144.89999389648438,145.38999938964844,142.6699981689453,143.11000061035156,141.36004638671875,740000
2024-04-15,144.2899932861328,144.8800048828125,140.9199981689453,141.63999938964844,139.9080352783203,900000
2024-04-16,141.72999572753906,143.08999633789062,141.0,142.19000244140625,140.45132446289062,833900
2024-04-17,142.75,143.22999572753906,140.19000244140625,141.07000732421875,139.34500122070312,757700
2024-04-18,141.5,141.97000122070312,140.16000366210938,140.72000122070312,138.99928283691406,828200
2024-04-19,141.05999755859375,141.77999877929688,138.86000061035156,139.52000427246094,137.81396484375,2924100
2024-04-22,140.6199951171875,141.8699951171875,139.64999389648438,141.02000427246094,139.29563903808594,933200
2024-04-23,140.97999572753906,143.07000732421875,140.97999572753906,142.50999450683594,140.76739501953125,788100
2024-04-24,142.75,143.47999572753906,142.1999969482422,142.7899932861328,141.04396057128906,612600
2024-04-25,141.86000061035156,143.2899932861328,140.4600067138672,143.02999877929688,141.28103637695312,528200
2024-04-26,142.99000549316406,144.32000732421875,142.99000549316406,143.4499969482422,141.69590759277344,625300
2024-04-29,142.85000610351562,145.2100067138672,142.85000610351562,145.17999267578125,143.40475463867188,788500
2024-04-30,145.08999633789062,146.24000549316406,144.41000366210938,144.47000122070312,142.7034454345703,1185300
2024-05-01,153.25,164.72999572753906,151.0,163.4199981689453,161.4217071533203,2765300
2024-05-02,164.0,165.92999267578125,162.94000244140625,165.3300018310547,163.308349609375,1361100
2024-05-03,165.7899932861328,166.44000244140625,164.1699981689453,165.97000122070312,163.94053649902344,972900
2024-05-06,167.1300048828125,167.89999389648438,165.82000732421875,167.8800048828125,165.82717895507812,827900
2024-05-07,167.9499969482422,170.8699951171875,167.1999969482422,169.9600067138672,167.88172912597656,878600
2024-05-08,169.36000061035156,170.16000366210938,169.02999877929688,169.9600067138672,167.88172912597656,542400
2024-05-09,170.16000366210938,170.16000366210938,168.4499969482422,169.3000030517578,167.2298126220703,552500
2024-05-10,169.58999633789062,169.6999969482422,168.24000549316406,168.92999267578125,166.8643341064453,737200
2024-05-13,169.1699981689453,169.82000732421875,168.8000030517578,169.36000061035156,167.28907775878906,369800
2024-05-14,169.4499969482422,170.77000427246094,169.05999755859375,169.91000366210938,167.83236694335938,506600
2024-05-15,170.27000427246094,171.10000610351562,170.11000061035156,170.5500030517578,168.4645233154297,597000
2024-05-16,170.82000732421875,171.24000549316406,169.9499969482422,169.97999572753906,167.9014892578125,526800
2024-05-17,170.5800018310547,171.47000122070312,169.5,170.94000244140625,168.84976196289062,525800
2024-05-20,171.0,171.63999938964844,169.6699981689453,170.19000244140625,168.1089324951172,529800
2024-05-21,170.13999938964844,170.97999572753906,169.49000549316406,170.72999572753906,168.64231872558594,510100
2024-05-22,167.39999389648438,169.08999633789062,161.10000610351562,162.05999755859375,160.07833862304688,1321500
2024-05-23,162.27000427246094,163.38999938964844,160.80999755859375,162.72999572753906,160.74014282226562,890100
2024-05-24,163.72999572753906,164.41000366210938,162.5399932861328,163.80999755859375,161.80694580078125,541600
2024-05-28,162.9199981689453,163.33999633789062,161.86000061035156,162.39999389648438,160.4141845703125,704900
2024-05-29,161.47999572753906,162.99000549316406,161.0800018310547,161.66000366210938,159.6832275390625,471100
2024-05-30,162.47999572753906,164.9499969482422,161.82000732421875,162.77000427246094,160.7796630859375,778900
2024-05-31,162.67999267578125,163.86000061035156,161.4499969482422,163.85000610351562,161.84646606445312,1398400
2024-06-03,163.30999755859375,164.0,162.52999877929688,163.1999969482422,161.2043914794922,624000
2024-06-04,162.72000122070312,164.22000122070312,162.6699981689453,163.02999877929688,161.03648376464844,528700
2024-06-05,163.4499969482422,164.16000366210938,162.69000244140625,164.0,161.99462890625,506600
2024-06-06,164.27000427246094,166.05999755859375,163.38999938964844,163.91000366210938,161.9057159423828,390200
2024-06-07,163.3000030517578,164.58999633789062,163.0500030517578,163.25999450683594,161.26365661621094,324300
2024-06-10,162.89999389648438,163.0,161.0399932861328,162.6199951171875,160.63150024414062,527100
2024-06-11,161.99000549316406,162.0,160.1999969482422,161.52000427246094,159.54493713378906,870800
2024-06-12,163.08999633789062,165.47000122070312,162.86000061035156,164.19000244140625,162.18231201171875,588300
2024-06-13,164.00999450683594,164.88999938964844,160.5500030517578,161.92999267578125,159.94993591308594,809600
2024-06-14,160.52000427246094,161.1199951171875,158.6699981689453,159.52999877929688,157.57928466796875,561600
2024-06-17,158.89999389648438,160.85000610351562,158.3800048828125,160.3000030517578,159.08778381347656,605200
2024-06-18,160.5,161.07000732421875,159.5399932861328,160.72000122070312,159.50460815429688,501500
2024-06-20,160.3699951171875,161.3800048828125,159.1999969482422,159.9600067138672,158.7503662109375,539800
2024-06-21,160.3000030517578,161.47000122070312,159.27999877929688,161.4499969482422,160.2290802001953,1347900
2024-06-24,161.52999877929688,163.49000549316406,161.16000366210938,162.2899932861328,161.06272888183594,423800
2024-06-25,161.92999267578125,162.19000244140625,159.8800048828125,160.30999755859375,159.09771728515625,396100
2024-06-26,160.17999267578125,161.4600067138672,159.72000122070312,161.16000366210938,159.9412841796875,609400
2024-06-27,161.1699981689453,162.05999755859375,160.60000610351562,162.00999450683594,160.78485107421875,476700
2024-06-28,161.88999938964844,163.9499969482422,161.41000366210938,162.9199981689453,161.68797302246094,1139700
2024-07-01,163.0,164.3699951171875,161.07000732421875,161.10000610351562,159.88174438476562,754500
2024-07-02,160.72999572753906,161.91000366210938,160.2899932861328,161.49000549316406,160.26878356933594,808000
2024-07-03,160.97000122070312,161.4199981689453,158.89999389648438,161.14999389648438,159.93136596679688,442600
2024-07-05,161.50999450683594,162.2100067138672,160.08999633789062,161.92999267578125,160.70545959472656,819200
2024-07-08,162.63999938964844,163.33999633789062,160.94000244140625,161.52999877929688,160.30848693847656,545900
2024-07-09,161.5399932861328,162.85000610351562,161.02999877929688,161.49000549316406,160.26878356933594,744300
2024-07-10,162.8000030517578,163.50999450683594,161.50999450683594,163.4499969482422,162.21395874023438,614000
2024-07-11,163.8000030517578,167.1999969482422,163.8000030517578,166.75999450683594,165.49893188476562,857900
2024-07-12,167.5,170.6699981689453,167.5,168.8000030517578,167.52349853515625,734200
2024-07-15,169.05999755859375,170.83999633789062,168.30999755859375,170.1199951171875,168.83352661132812,900800
2024-07-16,171.0,173.9499969482422,170.4600067138672,173.74000549316406,172.4261474609375,661100
2024-07-17,173.74000549316406,174.50999450683594,172.5800018310547,173.0,171.69175720214844,611500
2024-07-18,172.5,175.00999450683594,170.19000244140625,171.0800018310547,169.78627014160156,826000
2024-07-19,171.0800018310547,171.77999877929688,169.1999969482422,170.07000732421875,168.78390502929688,666700
2024-07-22,170.3800048828125,172.80999755859375,170.3699951171875,172.72999572753906,171.4237823486328,532500
2024-07-23,172.75999450683594,172.97999572753906,171.8000030517578,172.10000610351562,170.79855346679688,341000
2024-07-24,172.60000610351562,174.4499969482422,171.5800018310547,172.83999633789062,171.532958984375,912900
2024-07-25,172.91000366210938,175.24000549316406,171.75,173.39999389648438,172.08872985839844,560600
2024-07-26,174.5399932861328,178.50999450683594,173.7899932861328,177.94000244140625,176.59439086914062,1059500
2024-07-29,177.94000244140625,178.16000366210938,176.3699951171875,176.55999755859375,175.22482299804688,758500
2024-07-30,178.42999267578125,179.75999450683594,177.17999267578125,179.33999633789062,177.9838104248047,1211400
2024-07-31,175.4499969482422,177.19000244140625,169.58999633789062,171.25,169.95498657226562,1939300
2024-08-01,171.92999267578125,174.0800018310547,169.8699951171875,171.05999755859375,169.76641845703125,1159200
2024-08-02,169.3300018310547,170.2899932861328,166.00999450683594,168.52000427246094,167.24562072753906,943900
2024-08-05,163.63999938964844,164.0,160.7100067138672,161.6300048828125,160.40773010253906,1269800
2024-08-06,161.63999938964844,165.88999938964844,160.80999755859375,164.7100067138672,163.4644317626953,860700
2024-08-07,165.42999267578125,165.8800048828125,161.55999755859375,162.35000610351562,161.12228393554688,838700
2024-08-08,162.35000610351562,167.41000366210938,161.4499969482422,167.1199951171875,165.85621643066406,571600
2024-08-09,167.00999450683594,168.49000549316406,166.6300048828125,167.4199981689453,166.15394592285156,524800
2024-08-12,167.4199981689453,169.05999755859375,165.8800048828125,168.55999755859375,167.2853240966797,834500
2024-08-13,168.35000610351562,170.02000427246094,167.19000244140625,169.66000366210938,168.37701416015625,538800
2024-08-14,169.66000366210938,170.0500030517578,168.22000122070312,170.0,168.7144317626953,531900
2024-08-15,171.3000030517578,171.50999450683594,169.83999633789062,170.82000732421875,169.5282440185547,727200
2024-08-16,170.9499969482422,172.0800018310547,170.47999572753906,172.05999755859375,170.7588653564453,728200
2024-08-19,172.58999633789062,175.92999267578125,172.58999633789062,175.91000366210938,174.57974243164062,612200
2024-08-20,176.1199951171875,177.3699951171875,175.60000610351562,176.47999572753906,175.1454315185547,528600
2024-08-21,177.49000549316406,179.0,177.11000061035156,178.4600067138672,177.11045837402344,976400
2024-08-22,178.6300048828125,179.58999633789062,177.50999450683594,177.64999389648438,176.3065643310547,542900
2024-08-23,178.25999450683594,180.3999938964844,178.0500030517578,179.75999450683594,178.40061950683594,529600
2024-08-26,180.00999450683594,181.259994506836,178.9499969482422,179.52999877929688,178.17236328125,624400
2024-08-27,179.72999572753906,180.7100067138672,178.69000244140625,180.6499938964844,179.2838897705078,353000
2024-08-28,180.6999969482422,182.3600006103516,179.05999755859375,180.0800018310547,178.71820068359375,498800
2024-08-29,180.5500030517578,183.22000122070312,179.75999450683594,180.6499938964844,179.2838897705078,648100
2024-08-30,181.3600006103516,183.8800048828125,180.6699981689453,183.2899932861328,181.9039306640625,1180200
2024-09-03,183.08999633789065,183.8300018310547,178.58999633789062,180.10000610351562,178.73806762695312,1209700
2024-09-04,179.99000549316406,181.4499969482422,179.35000610351562,180.92999267578125,179.561767578125,721300
2024-09-05,181.22000122070312,181.6199951171875,179.4199981689453,180.77999877929688,179.4129180908203,713800
2024-09-06,180.91000366210932,182.259994506836,179.2100067138672,180.1699981689453,178.80752563476562,627700
2024-09-09,180.97000122070312,184.4199981689453,180.02999877929688,182.94000244140625,181.5565795898437,659300
2024-09-10,183.07000732421875,183.1199951171875,179.4199981689453,180.44000244140625,179.0754852294922,584300
2024-09-11,180.3000030517578,183.0500030517578,177.3300018310547,182.7400054931641,181.35809326171875,724100
2024-09-12,182.0800018310547,183.1000061035156,180.7700042724609,182.759994506836,181.3779296875,580400
2024-09-13,173.22000122070312,174.64999389648438,168.17999267578125,172.67999267578125,172.080322265625,2016800
2024-09-16,173.4499969482422,174.0399932861328,171.60000610351562,172.6199951171875,172.02053833007812,798000
2024-09-17,172.6199951171875,174.0800018310547,171.4199981689453,171.5800018310547,170.98416137695312,790700
2024-09-18,171.8800048828125,172.58999633789062,169.27000427246094,169.8699951171875,169.28009033203125,975300
2024-09-19,172.13999938964844,173.0,170.80999755859375,171.75999450683594,171.1635284423828,891700
2024-09-20,170.0,171.75999450683594,169.25999450683594,171.0,170.4061737060547,1447100
2024-09-23,172.0,175.97000122070312,171.60000610351562,175.80999755859375,175.199462890625,1014900
2024-09-24,175.0,175.85000610351562,173.7899932861328,175.80999755859375,175.199462890625,685000
2024-09-25,175.41000366210938,175.83999633789062,172.42999267578125,173.14999389648438,172.54869079589844,611400
2024-09-26,173.85000610351562,175.17999267578125,173.27999877929688,174.8300018310547,174.22286987304688,475500
2024-09-27,174.2899932861328,175.77000427246094,173.63999938964844,173.99000549316406,173.3857879638672,800300
2024-09-30,174.27000427246094,176.14999389648438,173.35000610351562,176.02999877929688,175.418701171875,1172400
2024-10-01,176.13999938964844,176.36000061035156,172.69000244140625,172.72999572753906,172.13015747070312,602300
2024-10-02,172.6999969482422,174.58999633789062,171.5399932861328,172.0500030517578,171.45252990722656,603000
2024-10-03,171.19000244140625,171.8800048828125,168.55999755859375,169.1300048828125,168.54266357421875,791000
2024-10-04,170.52999877929688,170.94000244140625,167.9199981689453,170.02999877929688,169.43954467773438,660300
2024-10-07,164.0,165.0,160.94000244140625,163.1300048828125,162.56350708007812,1238800
2024-10-08,164.4600067138672,165.1300048828125,163.66000366210938,164.6300048828125,164.0583038330078,821900
2024-10-09,164.6300048828125,165.41000366210938,163.6999969482422,165.30999755859375,164.73593139648438,704300
2024-10-10,164.41000366210938,165.97999572753906,163.10000610351562,165.6999969482422,165.12457275390625,644500
2024-10-11,165.89999389648438,166.8000030517578,165.52999877929688,165.88999938964844,165.3139190673828,531600
2024-10-14,166.2100067138672,168.55999755859375,166.10000610351562,167.9600067138672,167.37673950195312,586600
2024-10-15,167.6999969482422,168.7100067138672,166.36000061035156,166.83999633789062,166.2606201171875,857800
2024-10-16,166.8699951171875,167.9199981689453,166.8699951171875,167.10000610351562,166.51971435546875,434400
2024-10-17,168.02999877929688,168.6999969482422,166.32000732421875,166.52000427246094,165.9417266845703,518400
2024-10-18,168.22999572753906,168.7899932861328,166.39999389648438,167.5800018310547,166.998046875,741000
2024-10-21,166.92999267578125,167.8000030517578,166.32000732421875,166.47000122070312,165.89190673828125,463600
2024-10-22,165.2100067138672,165.32000732421875,162.57000732421875,163.0,162.43394470214844,827800
2024-10-23,162.32000732421875,162.7100067138672,160.9499969482422,161.5800018310547,161.01889038085938,707900
2024-10-24,163.08999633789062,163.74000549316406,161.27999877929688,161.92999267578125,161.36766052246094,969900
2024-10-25,161.97000122070312,163.27999877929688,161.97000122070312,162.3000030517578,161.73638916015625,757500
2024-10-28,163.2100067138672,166.38999938964844,163.11000061035156,166.2899932861328,165.7125244140625,950600
2024-10-29,164.55999755859375,167.88999938964844,164.00999450683594,166.27000427246094,165.69259643554688,1378100
2024-10-30,186.1000061035156,207.22000122070312,186.1000061035156,204.9199981689453,204.2083740234375,3031900
2024-10-31,204.5,204.8000030517578,197.9499969482422,198.3500061035156,197.66119384765625,2064600
2024-11-01,198.77999877929688,201.0599975585937,196.3099975585937,198.17999267578125,197.4917755126953,1708200
2024-11-04,197.07000732421875,200.8800048828125,196.38999938964844,200.2400054931641,199.5446319580078,937000
2024-11-05,200.47999572753903,204.83999633789065,200.33999633789065,204.22999572753903,203.5207672119141,1189200
2024-11-06,207.0599975585937,210.3300018310547,205.4199981689453,209.6699981689453,208.9418792724609,1079000
2024-11-07,210.13999938964844,212.27999877929688,209.52999877929688,210.33999633789065,209.60955810546875,903300
2024-11-08,210.9199981689453,214.6199951171875,210.4499969482422,212.72000122070312,211.98129272460932,1143300
2024-11-11,213.0,214.8300018310547,211.97000122070312,212.5599975585937,211.82183837890625,807500
2024-11-12,212.22999572753903,214.0399932861328,211.9499969482422,213.5800018310547,212.8383026123047,1160700
2024-11-13,214.02999877929688,214.52999877929688,212.8300018310547,212.97999572753903,212.24038696289065,788600
2024-11-14,213.9199981689453,215.5500030517578,211.1699981689453,211.3699951171875,210.635971069336,1037100
2024-11-15,210.3699951171875,211.75,208.16000366210932,208.42999267578125,207.7061767578125,691200
2024-11-18,208.6000061035156,211.009994506836,208.0800018310547,209.2700042724609,208.54327392578125,938800
2024-11-19,207.27999877929688,209.3000030517578,206.6100006103516,207.3699951171875,206.64987182617188,745800
2024-11-20,206.2400054931641,207.1300048828125,204.16000366210932,205.58999633789065,204.8760528564453,855600
2024-11-21,207.5399932861328,210.0599975585937,207.13999938964844,209.1100006103516,208.3838348388672,577300
2024-11-22,209.33999633789065,211.2700042724609,209.27999877929688,210.3300018310547,209.5995941162109,776400
2024-11-25,212.2899932861328,216.44000244140625,212.1199951171875,214.5200042724609,213.7750396728516,1721800
2024-11-26,214.5,215.47999572753903,210.75,212.8500061035156,212.11083984375,1160600
2024-11-27,213.75,215.1100006103516,211.02999877929688,212.08999633789065,211.3534698486328,602100
2024-11-29,212.02999877929688,213.22999572753903,211.77999877929688,212.6000061035156,211.86170959472656,394800
2024-12-02,213.8000030517578,215.1499938964844,213.22000122070312,213.4600067138672,212.7187347412109,903100
2024-12-03,213.8699951171875,214.5,211.1999969482422,212.4499969482422,211.71221923828125,461700
2024-12-04,212.3099975585937,215.9900054931641,211.5500030517578,215.7700042724609,215.0207061767578,706700
2024-12-05,215.8300018310547,217.759994506836,215.77999877929688,216.58999633789065,215.8378448486328,958100
2024-12-06,217.72999572753903,219.5399932861328,216.8099975585937,218.5800018310547,217.8209381103516,661100
2024-12-09,217.69000244140625,220.5,216.1000061035156,219.3300018310547,218.5683441162109,846700
2024-12-10,219.5,220.77999877929688,216.5,219.2100067138672,218.44876098632807,1093000
2024-12-11,220.75,222.97000122070312,220.3800048828125,220.7700042724609,220.0033416748047,864400
2024-12-12,219.82000732421875,219.8300018310547,215.6699981689453,215.97000122070312,215.22000122070312,605700
2024-12-13,216.0399932861328,216.25,214.4600067138672,215.3999938964844,215.3999938964844,731700
